Box,Section,x,y,type, poly,edge(EDI),altitude(m),aspect,northness,habitat type,soil type
C146,C,446628.72,206934.76,G,207.552,1.33403,110.829,236.894,-0.546189684,5,2
B5,B,447829.72,207426.76,G,220.648,1.43621,117.191,85.564,0.07734548,5,2
B145,B,447527.72,207497.76,G,248.425,126.723,131.58,9.36341,0.986676263,5,1
C50,C,446617.33,206815.71,G,267.951,1.48749,103.361,247.637,-0.380473251,5,2
C147,C,446621.72,206927.76,G,311.19,7.14938,109.586,238.518,-0.522230674,5,2
B44,B,447530.23,207487.25,G,324.889,116.117,132.16,12.7792,0.975229718,5,1
C150,C,446621.33,206825.71,G,336.7,2.93312,104.161,255.852,-0.244427444,5,2
C153,C,446584.72,206789.76,G,343.25,2.22732,98.9197,250.334,-0.336536519,5,3
B128,B,447731.72,207685.76,G,349.088,185.005,106.886,34.7703,0.821444935,5,2
C144,C,446597.72,206983.76,G,349.144,2.36591,112.225,210.195,-0.864318695,5,2
B45,B,447522.72,207498.76,G,379.217,129.828,131.62,7.94039,0.990412327,5,1
C154,C,446591.33,206803.71,G,379.398,4.75973,100.282,251.28,-0.32094361,5,3
B129,B,447715.72,207690.76,G,423.258,201.496,107.667,25.8463,0.899966773,5,2
B147,B,447564.72,207496.76,G,423.889,110.624,130.881,39.0679,0.776399622,5,1
C145,C,446610.72,206966.76,G,424.569,2.02355,111.748,213.373,-0.835107178,5,2
C43,C,446563.72,206999.76,G,425.819,4.2312,111.795,219.339,-0.773408902,5,2
C47,C,446632.72,206921.76,G,459.896,3.00095,110.382,242.482,-0.462027253,5,2
B141,B,447526.72,207414.76,G,475.247,61.6237,136.957,14.741,0.96708592,5,1
B4,B,447845.72,207474.76,G,480.511,1.48104,112.48,75.7734,0.245757432,5,2
B34,B,447690.72,207545.76,G,491.123,153.088,121.013,56.1682,0.556756738,5,1
C117,C,446435.72,206593.76,G,492.753,2.57905,85.6255,170.633,-0.986666067,5,3
B66,B,447465.72,207511.76,G,497.739,172.722,131.221,8.21794,0.989731524,5,1
C120,C,446434.72,206739.76,G,529.162,54.5386,92.8962,178.314,-0.999567079,5,3
B204,B,447919.72,207754.76,G,550.088,55.1856,84.1176,46.46,0.688860815,5,3
B47,B,447547.72,207503.76,G,550.443,123.872,130.817,23.5545,0.916680368,5,1
B2,B,447805.72,207531.76,G,560.966,47.9263,112.252,40.6332,0.758894089,5,2
B142,B,447504.72,207456.76,G,569.944,106.056,134.5,27.0169,0.890872576,5,1
B38,B,447613.72,207496.76,G,576.542,103.325,129.563,55.2649,0.569783071,5,1
O27A,O,445122.72,207833.76,G,581.914,0.282111,109.411,147.901,-0.847131196,5,3
B65,B,447475.72,207556.76,G,583.124,203.222,128.08,1.7292,0.999544611,5,1
C26,C,446394.72,206812.76,G,585.44,128.595,97.8985,192.896,-0.974776778,5,3
C118,C,446455.72,206687.76,G,586.235,14.7456,90.5098,169.968,-0.984710616,5,3
C59,C,446421.72,207056.76,G,588.556,4.36517,114.613,171.867,-0.98994234,5,2
B42,B,447521.72,207412.76,G,603.768,65.4062,137.124,15.005,0.965903236,5,1
B170,B,447556.72,207397.76,G,605.668,23.7453,137.692,11.1694,0.98105875,5,1
C149,C,446631.33,206833.71,G,608.988,1.84476,105.481,260.911,-0.157968494,5,2
C52,C,446553.72,206780.76,G,615.691,2.91101,95.5739,249.777,-0.345674906,5,3
B64,B,447470.72,207550.76,G,616.838,200.731,128.54,1.54619,0.999635897,5,1
B70,B,447547.72,207358.76,G,618.162,17.983,139.687,25.8271,0.900112813,3,1
B104,B,447838.32,207450.9,G,621.747,2.65996,114.361,96.3732,-0.111004087,5,2
C111,C,446227.33,206593.71,G,645.793,2.20571,86.8934,169.701,-0.983888158,5,3
B146,B,447556.72,207510.76,G,653.056,126.511,130.192,27.2922,0.888679663,5,1
C139,C,446467.72,206984.76,G,654.095,51.1806,105.316,190.452,-0.983407232,5,2
B43,B,447567.72,207480.76,G,659.331,94.6471,131.664,48.43,0.663534575,5,1
C12,C,446248.33,206605.71,G,659.82,18.3412,87.4902,171.362,-0.988656988,5,3
B51,B,447646.72,207615.76,G,665.787,222.371,119.186,20.882,0.934316501,5,1
B179,B,447449.72,207766.76,G,670.343,96.9168,113.662,31.9592,0.848425234,5,2
B18,B,447895.72,207732.76,G,674.007,61.0565,88.1187,56.9325,0.545626692,5,3
C138,C,446475.72,206954.76,G,683.13,80.2588,100.712,195.773,-0.962346196,5,2
B71,B,447568.72,207405.76,G,684.662,21.5165,136.459,22.0529,0.926837593,5,1
C140,C,446457.72,206999.76,G,684.761,39.0925,107.808,178.846,-0.999797175,5,2
B107,B,447777.74,207455.59,G,697.875,41.9153,120.446,52.2112,0.612752585,5,2
B205,B,447877.72,207724.76,G,710.239,71.2958,90.2378,75.1112,0.256943884,5,3
B102,B,447821.72,207526.81,G,710.786,28.9764,111.149,32.1753,0.846422808,5,2
B208,B,447583.72,207817.76,G,712.708,58.645,104.151,118.655,-0.47953444,5,3
B142A,B,447515.72,207445.76,G,716.269,90.5838,134.967,26.1392,0.897726373,5,1
B57,B,447524.72,207609.76,G,726.567,230.378,123.92,24.825,0.907594372,5,1
C128,C,446410.72,206785.76,G,726.875,101.269,95.9306,184.693,-0.99664739,5,3
C48,C,446661.33,206884.71,G,727.332,1.9052,111.373,263.091,-0.120292779,5,2
C44,C,446583.72,206987.76,G,730.675,4.62404,111.72,212.28,-0.845448306,5,2
C20,C,446430.72,206728.76,G,733.443,53.2713,92.5363,187.114,-0.992301707,5,3
MP9,MP,448078.72,207818.76,G,734.422,3.85503,71.8843,23.6092,0.916298434,3,3
B20,B,447946.72,207757.76,G,735.163,38.9451,80.8873,49.9067,0.644034178,5,3
C116,C,446404.72,206597.76,G,738.513,4.56526,85.8654,173.581,-0.9937309,5,3
C119,C,446476.72,206708.76,G,743.533,4.09959,91.3504,158.067,-0.927621274,5,3
C21,C,446460.72,206724.76,G,749.22,21.0872,91.9908,178.92,-0.999822352,5,3
C60,C,446397.33,207064.71,G,754.918,3.90206,116.267,172.14,-0.990605176,5,2
B105,B,447818.72,207429.76,G,759.858,6.69994,118.018,92.7689,-0.048307613,5,2
B1,B,447796.72,207573.76,G,762.752,77.4375,109.493,63.7505,0.442280864,5,2
B28,B,447745.72,207696.76,G,766.515,177.248,104.666,40.1938,0.763865869,5,2
C121,C,446443.72,206706.76,G,768.258,31.0283,91.3957,182.73,-0.998865073,5,3
B171,B,447580.72,207416.76,G,778.694,26.0834,135.023,28.5241,0.87861633,5,1
B84,B,447596.72,207823.76,G,780.441,60.717,103.215,117.598,-0.4632651,5,3
B30,B,447699.72,207701.81,G,782.456,220.693,107.801,41.15,0.752989437,5,2
MP4,MP,448057.72,207841.81,G,790.571,4.97762,71.8903,41.0052,0.754650035,3,3
C124,C,446418.72,206798.76,G,790.749,100.981,96.5514,174.309,-0.995071159,5,3
B113,B,447736.72,207671.76,G,796.588,174.282,107.886,45.6723,0.69876121,5,2
B106,B,447800.72,207405.76,G,799.486,1.50931,120.721,77.2399,0.220869363,5,2
B138,B,447590.72,207502.76,G,802.192,110.225,129.975,49.7925,0.645557663,5,1
B110,B,447773.72,207567.76,G,806.438,95.0286,112.732,51.7179,0.619533826,5,2
B144,B,447505.72,207485.76,G,811.243,127.432,132.741,14.9837,0.965999418,5,1
MP16,MP,448190.72,207683.76,G,811.61,4.59703,75.5315,30.1213,0.864964922,3,3
C42,C,446533.94,207017.58,G,829.135,1.56744,111.347,188.298,-0.989530827,5,2
B143,B,447534.72,207473.76,G,832.436,102.082,132.88,14.6396,0.967534722,5,1
B72,B,447604.72,207421.76,G,837.836,22.9813,133.358,33.5392,0.833508009,5,1
B99A,B,447868.72,207555.76,G,840.728,3.75897,102.818,48.589,0.661455864,5,2
B130,B,447703.72,207669.76,G,841.68,203.03,110.726,32.9002,0.839617968,5,2
C115,C,446351.72,206586.76,G,842.538,3.43786,85.2057,173.41,-0.993392811,5,3
B140,B,447545.19,207427.29,G,844.354,55.1834,135.869,14.5376,0.967983122,5,1
C141,C,446453.72,207041.76,G,845.441,4.68847,112.164,164.334,-0.962852154,5,2
B154,B,447536.72,207584.76,G,846.039,202.88,125.404,22.0024,0.927168162,5,1
B170A,B,447554.72,207377.76,G,852.546,17.9117,138.649,14.0167,0.970225172,3,1
C148,C,446652.33,206898.76,G,854.018,3.55454,111.202,259.803,-0.177033208,5,2
B12,B,447764.69,207643.69,G,854.812,136.889,107.743,49.7794,0.64573226,5,2
B29,B,447720.72,207711.76,G,861.142,206.214,105.125,23.6721,0.915858212,5,2
C19,C,446464.72,206681.76,G,861.608,7.32938,90.2706,167.76,-0.977268124,5,3
B103,B,447834.72,207496.76,G,867.6,11.1153,112.677,44.7829,0.709781004,5,2
B157,B,447520.72,207641.76,G,868.425,222.744,122.08,16.2637,0.959982917,5,1
B56,B,447510.72,207575.76,G,869.509,204.673,126.344,11.4431,0.980122212,5,1
B39,B,447589.54,207473.85,G,871.283,81.7945,131.365,51.0024,0.629287837,5,1
B220,B,447504.72,207508.76,G,871.592,147.181,131.221,9.74135,0.985581615,5,1
C30,C,446387.72,206686.76,G,871.695,86.8562,91.2057,165.019,-0.966011601,5,3
B101,B,447802.72,207554.76,G,889.297,61.6173,110.337,62.0405,0.468847327,5,2
C27,C,446387.72,206777.76,G,894.758,115.787,95.9114,165.787,-0.969389666,5,3
B125,B,447825.72,207780.76,G,902.276,146.752,91.7979,21.2524,0.931992687,5,3
B35,B,447668.72,207577.76,G,907.267,186.823,120.697,48.6491,0.66066881,5,1
C3,C,446328.72,206856.76,G,910.126,107.372,103.392,137.581,-0.738231693,5,3
C131,C,446369.72,206673.76,G,910.953,83.2895,90.4261,178.301,-0.999560378,5,3
B48,B,447574.72,207528.76,G,912.195,138.533,128.495,32.4932,0.843455208,5,1
C41,C,446495.72,207026.76,G,912.918,3.86362,110.25,203.472,-0.91725483,5,2
B55,B,447532.72,207566.76,G,915.862,187.439,126.775,14.9925,0.965959697,5,1
C151,C,446515.72,206762.76,G,917.811,2.82369,93.8247,88.5961,0.024500226,5,3
MP28,MP,448398.72,207376.76,G,919.935,31.3939,70.6236,107.553,-0.301587882,3,3
C4,C,446303.72,206821.76,G,920.346,97.628,102.114,138.879,-0.753322401,5,3
C125,C,446440.55,206869,G,921.427,131.774,100.143,102.731,-0.220373987,5,3
B108,B,447807.72,207495.76,G,922.885,36.8232,115.469,29.384,0.871350863,5,2
B77,B,447600.72,207733.76,G,928.799,142.733,111.247,2.68449,0.99890259,5,2
B92,B,447928.72,207740.76,G,934.06,37.0559,84.1354,51.6366,0.620647038,5,3
O27,O,445124.72,207881.76,G,934.22,1.72118,114.192,148.294,-0.850756077,5,3
W87,W,445546.33,209292.71,G,942.275,7.9931,61.9162,334.493,0.902532681,5,3
B134,B,447697.72,207541.76,G,945.417,146.995,120.685,57.4592,0.537900046,5,1
O31,O,445298.72,207975.76,G,946.056,89.8335,118.953,221.299,-0.751275653,2,3
B126,B,447801.72,207750.76,G,957.565,150.392,95.8016,8.57044,0.988833398,5,3
C54,C,446580.33,206812.71,G,957.711,14.9609,99.5421,254.377,-0.269306437,5,3
C112,C,446254.33,206596.71,G,960.306,17.6486,86.7367,165.033,-0.966074735,5,3
C158,C,446440.72,207019.76,G,976.327,25.995,110.46,167.311,-0.975576733,5,2
MP25,MP,448397.72,207421.76,G,982.924,7.01378,70.7218,87.6633,0.040771804,3,3
C130,C,446406.72,206696.76,G,983.332,70.2498,91.6799,159.579,-0.937154168,5,3
C36,C,446442.72,206961.76,G,984.144,86.1682,102.987,122.148,-0.532108076,5,2
MP8,MP,448052.72,207811.76,G,991.874,23.7424,73.4076,44.5849,0.71221107,3,3
B59,B,447501.72,207669.76,G,993.656,196.662,120.766,1.9018,0.999449174,5,2
B177,B,447592.72,207740.76,G,994.096,133.078,111.057,9.60415,0.985983955,5,2
B109,B,447798.72,207514.76,G,999.589,51.7948,114.642,29.6625,0.868955605,5,2
MP14,MP,448152.72,207733.76,G,1000.38,3.15943,74.136,42.0645,0.742391089,3,3
B76,B,447677.72,207683.76,G,1021.93,223.618,111.105,44.126,0.717810429,5,2
B81,B,447516.72,207786.76,G,1024.05,79.8789,110.809,75.9416,0.242910765,5,2
B8,B,447775.72,207477.76,G,1029.67,70.1751,119.277,30.4187,0.862348466,5,2
B133,B,447691.72,207564.76,G,1033.33,170.331,119.974,54.5166,0.580467062,5,1
B7,B,447795.72,207458.76,G,1033.48,37.2354,118.817,65.7578,0.410594725,5,2
B117,B,447847.72,207748.76,G,1034.74,109.783,92.2343,60.0435,0.499342354,5,3
MP29,MP,448377.72,207353.76,G,1042.02,43.7918,71.8243,89.6236,0.006569372,3,3
B214,B,447608.72,207798.76,G,1043.03,89.7329,103.451,79.9523,0.174467992,5,3
SW23,SW,446500.33,207602.71,G,1043.91,2.31803,137.642,13.0253,0.974270639,3,2
B149,B,447634.72,207592.76,G,1053.54,199.15,121.191,20.2933,0.937929498,5,1
B3,B,447845.72,207529.76,G,1055.4,9.07032,108.452,32.0811,0.847297166,5,2
O38B,O,445283.72,207629.76,G,1063.74,83.1494,89.2143,251.286,-0.320844428,4,3
B40,B,447566.31,207446.79,G,1063.95,62.9635,133.583,39.5964,0.770553292,5,1
B46,B,447552.72,207561.81,G,1064.47,176.081,126.948,11.294,0.980635173,5,1
C127,C,446375.72,206798.76,G,1066,137.028,97.411,154.885,-0.905457713,5,3
MP43,MP,448406.72,207231.76,G,1066.49,67.6267,70.0472,83.7344,0.109137524,3,3
MP30,MP,448363.72,207370.76,G,1067.5,30.6653,73.0168,89.2219,0.013579989,3,3
MP26,MP,448399.72,207392.76,G,1068.45,20.2928,70.873,102.842,-0.22226326,3,3
B32,B,447671.72,207612.76,G,1073.16,206.022,118.144,41.6837,0.746827403,5,1
SW48,SW,446628.33,207376.71,G,1073.98,5.50204,143.466,274.914,0.085660374,5,1
C159,C,446404.72,207048.76,G,1074.3,13.6706,114.709,170.164,-0.985300758,5,2
B52,B,447605.72,207641.76,G,1078.03,230.945,119.266,53.0494,0.601126222,5,1
C25,C,446429.98,206878.41,G,1084.98,145.415,100.455,120.311,-0.504693375,5,3
B14,B,447778.72,207683.76,G,1094.69,141.979,102.954,56.6406,0.549889026,5,3
O38A,O,445296.72,207656.76,G,1095.63,113.079,91.4524,266.707,-0.057442056,4,3
B13,B,447721.72,207648.76,G,1097.34,177.674,111.376,37.3441,0.795006822,5,2
B173,B,447745.72,207409.76,G,1104.17,4.78988,124.866,71.6213,0.315296266,5,2
B156,B,447509.72,207593.76,G,1104.85,221.413,125.205,10.379,0.983637568,5,1
C37,C,446450.72,206913.76,G,1119.96,127.407,99.9788,108.229,-0.312815703,5,3
SW49A,SW,446674.33,207369.71,G,1124.69,10.6617,144.092,38.3547,0.784184313,5,1
CP26,CP,446557.33,208980.71,G,1125.18,162.417,99.0192,351.9,0.990023658,4,2
B49,B,447581.72,207564.76,G,1126.35,172.828,125.55,17.3437,0.954533711,5,1
B165,B,447457.72,207519.76,G,1127.2,184.043,130.754,3.27032,0.998371502,5,1
EX41E,EX,445777.33,208408.71,G,1131.15,219.94,160.293,15.6979,0.962701664,5,1
B166,B,447460.72,207498.76,G,1131.34,166.8,132.074,12.2323,0.977296606,5,1
C38,C,446467.72,206931.76,G,1137.7,104.558,99.7417,141.565,-0.783313874,5,2
C40,C,446482.72,206998.76,G,1139.17,29.4013,107.164,193.827,-0.971021766,5,2
B152,B,447591.72,207643.76,G,1139.91,225.527,119.706,61.9893,0.469636445,5,1
B68,B,447482.72,207455.76,G,1144.73,122.067,134.654,31.3426,0.854072326,5,1
MP20,MP,448277.72,207566.76,G,1148.98,5.54565,77.4802,55.2822,0.56953491,3,3
B118,B,447876.72,207747.76,G,1155.36,87.073,89.4176,63.3916,0.447890173,5,3
C28,C,446413.72,206755.76,G,1156.6,82.6884,94.0716,174.195,-0.994871886,5,3
B131,B,447699.72,207631.81,G,1158.38,189.805,114.839,43.9207,0.72030055,5,2
C29,C,446386.72,206715.76,G,1162.4,94.446,92.7142,139.449,-0.759827579,5,3
MP27,MP,448435.72,207371.76,G,1162.7,8.3338,68.2921,103.736,-0.237448542,3,3
C108,C,446255.85,206653.79,G,1163.48,68.9693,91.2935,182.172,-0.999281557,5,3
B155,B,447492.72,207530.76,G,1168.68,172.223,129.628,10.8638,0.982077989,5,1
C13,C,446285.33,206620.71,G,1170.6,42.8738,88.6575,169.912,-0.984539887,5,3
B172,B,447621.72,207400.76,G,1175.65,5.56075,133.224,38.9402,0.777802364,5,1
C3A,C,446301.33,206857.71,G,1176.01,81.3107,104.564,137.499,-0.737265545,5,3
B16,B,447829.72,207726.76,G,1177.06,114.797,94.9284,80.6118,0.163122775,5,3
B124,B,447837.72,207800.76,G,1180.21,150.72,89.6487,26.9879,0.89110238,5,3
O28,O,445160.95,207823.54,G,1181.03,0.408664,105.168,146.066,-0.829681166,5,3
B87,B,447722.72,207967.76,G,1187.98,49.9429,85.4287,73.3843,0.285950953,5,3
B114,B,447784.72,207706.76,G,1190.61,146.739,100.681,58.5322,0.522019302,5,3
C126,C,446377.72,206815.76,G,1192.28,145.255,98.5311,164.478,-0.96352777,5,3
O75D,O,445894.33,207084.71,G,1196.05,1.58892,93.3584,229.473,-0.649806309,4,3
B99,B,447854.72,207583.76,G,1198.66,22.5655,101.479,45.9105,0.695781181,5,2
B150,B,447611.72,207617.76,G,1203.66,224.301,120.466,20.9374,0.933971413,5,1
C136,C,446430.72,206941.76,G,1204.42,109.231,103.027,115.458,-0.429849352,5,2
C113,C,446283.33,206575.71,G,1208.5,2.92275,85.056,175.801,-0.997315755,5,3
B139,B,447604.85,207443.79,G,1210.8,46.5086,132.07,40.3137,0.762513654,5,1
MP60,MP,448601.72,207042.76,G,1213.49,6.18764,62.9313,79.0295,0.190303558,3,3
SW74,SW,447143.33,207298.71,G,1214.21,3.96039,145.974,329.262,0.859513478,3,1
MP31,MP,448368.72,207321.76,G,1216.25,31.8383,73.2091,79.9816,0.17396443,3,3
MP10,MP,448096.72,207785.76,G,1226.45,9.10436,72.9854,45.3643,0.702596568,3,3
MP12,MP,448089.72,207730.76,G,1227.89,51.1274,76.7924,12.0546,0.977949027,3,3
C58,C,446431.72,206991.76,G,1231.93,60.395,108.14,145.777,-0.826854873,5,2
B54,B,447542.72,207616.76,G,1237.53,231.635,123.14,39.4836,0.771806619,5,1
O32,O,445251.72,207852.76,G,1238.48,87.0781,105.521,206.109,-0.897958459,5,3
B115,B,447806.72,207691.76,G,1243.96,120.401,99.688,58.3974,0.524024556,5,3
B198,B,447686.72,207767.76,G,1247.47,162.98,101.193,17.5167,0.953629264,5,2
MP81,MP,448341.72,207316.76,G,1248.75,7.58393,76.3241,69.9475,0.342881038,3,3
SW40,SW,446601.33,207389.71,G,1251.44,11.0021,143.205,134.117,-0.696125838,5,1
C122,C,446453.72,206741.76,G,1258.23,35.3655,92.6703,174.679,-0.995690776,5,3
B25,B,447847.72,207781.76,G,1260.48,131.474,90.247,34.588,0.823255279,5,3
C24,C,446411.72,206819.76,G,1261.82,117.061,98.0437,184.49,-0.996931012,5,3
B153,B,447547.72,207642.76,G,1262.67,220.878,121.48,50.3368,0.638273515,5,1
B36,B,447687.72,207515.76,G,1268.2,125.813,123.206,61.0792,0.48360017,5,1
B94,B,447899.72,207709.76,G,1276.62,39.7028,88.6373,49.9735,0.643141846,5,3
SW76,SW,447158.33,207352.76,G,1277.93,55.72,145.678,30.3811,0.862680546,3,1
B75,B,447758.72,207448.76,G,1278.53,37.4959,122.352,47.0846,0.680917738,5,2
B181,B,447524.72,207793.76,G,1288.46,71.3919,109.583,81.48,0.148154634,5,2
B62,B,447393.72,207609.76,G,1295.31,235.376,126.175,357.621,0.999138111,5,1
C24B,C,446420.58,206901.9,G,1295.69,149.959,101.334,128.272,-0.619395444,5,3
B200,B,447676.72,207730.76,G,1296.93,185.104,105.992,46.2347,0.691705928,5,2
W84,W,445572.33,209301.71,G,1297.62,12.929,62.6722,325.755,0.82663886,5,3
C24C,C,446386.33,206928.71,G,1297.89,138.571,106.641,150.605,-0.871256647,5,3
B151,B,447645.72,207634.76,G,1298.03,239.175,118.086,18.8149,0.946565422,5,1
O21,O,445270.72,207991.76,G,1299.88,59.0424,117.521,270.718,0.012531136,2,3
B11,B,447748.72,207573.76,G,1304.14,119.942,115.2,53.8953,0.589262635,5,2
O30,O,445291.72,207960.76,G,1307.58,82.9586,118.028,216.503,-0.803825715,2,3
O75C,O,445833.33,207103.71,G,1308.78,0.918377,89.0988,252.65,-0.298207947,4,3
C5,C,446290.72,206782.76,G,1308.9,109.731,100.273,146.243,-0.83140173,5,3
B37,B,447626.72,207504.76,G,1332.34,111.309,128.55,60.1153,0.49825623,5,1
B69,B,447523.72,207365.76,G,1340.5,43.5732,139.73,27.6363,0.885909878,3,1
B160,B,447455.72,207669.76,G,1343.53,193.706,120.814,348.564,0.980146789,5,2
B96,B,447910.72,207638.76,G,1347.96,2.25983,92.2077,64.6284,0.428487321,5,3
CP16,CP,446392.33,209053.71,G,1349.6,287.737,91.789,13.1839,0.973643031,4,3
C132,C,446293.33,206653.76,G,1350.7,80.2332,91.2344,159.656,-0.937622231,5,3
B112,B,447766.72,207641.76,G,1351.99,134.206,107.653,51.3873,0.624052811,5,2
SW49,SW,446666.33,207376.71,G,1357.08,13.8623,143.792,10.7131,0.98257032,5,1
B21,B,447972.72,207764.76,G,1357.92,32.4173,78.8858,54.1257,0.586008954,3,3
C103,C,446340.72,206848.76,G,1370.35,121.239,102.276,144.386,-0.812958497,5,3
MP65,MP,448602.72,206929.76,G,1374.16,22.1312,63.8915,87.7976,0.038429666,3,3
MP58,MP,448488.72,207049.76,G,1377.03,121.534,69.6802,101.741,-0.203487961,3,3
MP11,MP,448090.72,207763.76,G,1381.99,25.7312,74.5455,34.1278,0.827788214,3,3
MP37,MP,448396.72,207260.76,G,1385.16,60.4012,70.4451,84.1859,0.101301126,3,3
C14,C,446308.72,206619.76,G,1386.04,39.5567,88.3379,167.702,-0.97705301,5,3
O51,O,445397.72,207631.81,G,1398.84,157.708,100.13,225.122,-0.705599536,4,3
C3B,C,446269.33,206867.71,G,1400.61,43.9787,107.04,148.806,-0.855418503,5,3
C104,C,446287.72,206829.76,G,1400.72,79.7311,103.423,144.793,-0.817074468,5,3
B148,B,447596.72,207543.76,G,1400.76,150.566,126.622,37.6013,0.792275799,5,1
B188,B,447734.72,207987.76,G,1416.09,44.7237,82.9965,73.0686,0.291226516,5,3
SW68,SW,447039.33,207296.71,G,1425.17,3.23788,145.669,96.3436,-0.110490647,3,1
C2,C,446343.72,206896.76,G,1425.46,115.682,105.991,170.176,-0.985336515,5,3
O52,O,445377.72,207665.76,G,1426.59,170.272,101.122,243.156,-0.451562864,4,3
B93,B,447942.72,207699.76,G,1427.05,4.72547,85.6011,57.4925,0.537410003,5,3
B178,B,447526.72,207719.76,G,1431.46,144.525,116.139,13.5369,0.972219374,5,2
C31,C,446370.72,206657.76,G,1431.81,66.659,89.4665,182.617,-0.998957066,5,3
B219,B,447605.72,207582.76,G,1434.01,189.366,123.15,15.4926,0.96366496,5,1
B58,B,447502.72,207651.76,G,1435.26,214.643,121.838,0.567539,0.999950942,5,2
B119,B,447917.72,207770.76,G,1449.99,70.4333,82.556,47.0451,0.681422469,5,3
MP21,MP,448294.72,207540.76,G,1451.21,7.70512,77.5216,50.5726,0.635099977,3,3
SW66,SW,446954.33,207288.71,G,1452.76,3.57042,144.774,218.501,-0.782597292,3,1
MP36,MP,448372.72,207288.76,G,1454.26,34.3017,73.3967,77.4168,0.217857078,3,3
MP38,MP,448439.72,207246.76,G,1459.08,87.9851,68.4248,73.0757,0.291107966,3,3
W103A,W,445294.33,209015.71,G,1460.53,64.4132,66.2224,275.453,0.095029192,5,3
O36,O,445310.72,207766.76,G,1462.28,133.846,99.8626,216.163,-0.80734154,4,3
EX41C,EX,445761.33,208406.71,G,1469.55,234.315,159.988,321.041,0.777596095,5,1
B31,B,447707.72,207601.76,G,1469.71,169.085,117.058,57.473,0.537696988,5,2
W35,W,446067.33,209408.71,G,1470.38,91.3475,66.6523,1.53492,0.999641185,5,3
C155,C,446576.33,206877.71,G,1472.47,73.1767,101.742,237.181,-0.541986923,5,2
W61,W,445821.33,209425.71,G,1473.95,6.79985,61.3111,342.055,0.951352713,5,3
C57,C,446488.33,206892.71,G,1474.71,132.188,98.2433,171.91,-0.990048235,5,3
B27,B,447787.72,207749.76,G,1476.22,162.547,97.0016,22.3169,0.925097754,5,3
MP6,MP,448030.72,207795.76,G,1479.38,54.8428,74.993,67.5562,0.381777038,3,3
O62,O,445323.72,207872.76,G,1481.79,145.843,111.276,172.615,-0.991704847,2,3
B136,B,447668.72,207519.76,G,1483.73,129.776,124.696,63.3952,0.447833995,5,1
SW70,SW,447032.33,207397.71,G,1484.64,105.773,143.755,80.7076,0.161472918,3,1
W51,W,445892.33,209413.76,G,1484.74,33.7957,64.0217,358.631,0.999714563,5,3
B159,B,447479.24,207694.76,G,1488.55,169.339,119.314,344.814,0.965080531,5,2
C23,C,446447.33,206843.71,G,1489.05,107.145,99.5037,102.016,-0.208184833,5,3
O45,O,445344.72,207886.76,G,1491.6,155.574,112.676,187.536,-0.991362654,2,3
CP10,CP,446461.33,209131.71,G,1493.35,183.989,83.515,7.91114,0.990482721,4,3
SW86,SW,447401.33,207319.71,G,1493.4,66.1846,142.974,37.9908,0.7881096,3,1
O5A,O,445203.72,208060.76,G,1496.16,22.8383,110.74,356.999,0.998628621,5,3
MP5,MP,448031.72,207830.76,G,1499.49,28.3643,73.501,46.6149,0.686898539,3,3
B80,B,447446.72,207773.76,G,1502.09,89.7364,113.13,25.929,0.899336578,5,2
W2,W,446202.33,209111.71,G,1502.63,256.437,90.8397,2.62777,0.998948466,5,3
W6,W,446183.33,209156.71,G,1502.91,222.972,86.1952,2.71956,0.998873735,5,3
B222,B,447687.72,207389.22,G,1503.85,2.29872,129.22,64.332,0.433155761,5,1
SW73,SW,447094.33,207298.71,G,1506.64,3.89571,145.971,270.536,0.009354828,3,1
B33,B,447656.72,207558.76,G,1508.23,166.378,122.809,51.045,0.628709828,5,1
B116,B,447853.72,207707.76,G,1509.4,85.238,93.3178,90.4464,-0.007791071,5,3
C101,C,446314.33,206940.71,G,1515.66,93.0844,110.103,157.899,-0.926522064,5,3
B193,B,447813.72,207992.76,G,1516.36,42.2118,77.2562,115.335,-0.427910056,5,3
CP25,CP,446504.33,208961.71,G,1516.52,200.509,97.6029,319.762,0.763367777,4,2
MP82,MP,448334.72,207373.76,G,1520.63,7.75099,75.6887,87.3723,0.045845941,3,3
C7,C,446247.72,206686.76,G,1526.75,98.3699,93.9524,184.189,-0.99732852,5,3
MP19,MP,448250.72,207583.76,G,1527.84,12.3983,78.5968,25.2868,0.904180982,3,3
W66,W,445757.33,209361.71,G,1532.82,46.3383,64.8636,335.732,0.911632967,5,3
CP8,CP,446499.33,209141.71,G,1537.03,152.928,80.0348,4.00146,0.997562272,4,3
C15,C,446344.72,206603.76,G,1537.49,16.7313,86.3392,169.724,-0.983959848,5,3
O68,O,445454.72,207485.76,G,1541.52,97.2125,90.5761,163.018,-0.95639656,4,3
SW84,SW,447398.33,207335.71,G,1544.71,83.6734,143.034,34.6871,0.822272192,3,1
SW77,SW,447192.33,207299.71,G,1545.91,2.32436,145.148,329.957,0.865649914,3,1
O44,O,445380.72,207931.76,G,1549.26,174.44,117.79,190.592,-0.982961024,2,2
B169,B,447515.72,207380.76,G,1551.38,58.24,139.033,28.1841,0.881434554,3,1
MP18,MP,448221.72,207630.76,G,1552.04,9.70195,77.0189,36.3664,0.805241658,3,3
SW78,SW,447192.33,207353.71,G,1555.95,53.1941,144.993,34.0855,0.828202191,3,1
C17,C,446429.72,206609.76,G,1560.39,11.0756,86.5851,173.372,-0.993316478,5,3
MP39,MP,448481.72,207255.76,G,1561.14,41.8287,66.0553,60.6858,0.489598568,3,3
C55,C,446567.33,206870.71,G,1563.31,74.2613,100.562,239.233,-0.511548055,5,2
CP5A,CP,446402.33,209265.71,G,1563.95,76.4974,78.7113,195.022,-0.965826376,4,3
CP20,CP,446475.33,208953.71,G,1565.86,222.469,96.8273,301.815,0.527178279,4,2
C32,C,446322.72,206657.76,G,1567.62,81.8824,90.5568,160.225,-0.941028482,5,3
W100,W,445358.33,209039.71,G,1568.7,93.8364,69.0097,288.833,0.322810873,5,3
MP41,MP,448487.72,207218.76,G,1569.9,60.0778,66.2083,74.4991,0.267253513,3,3
W12,W,446105.33,209157.71,G,1572.27,268.036,87.9321,55.695,0.563598137,5,3
B187,B,447750.36,207960.42,G,1572.57,79.7413,81.765,94.9767,-0.086750621,5,3
MP17,MP,448199.72,207658.76,G,1575.49,10.1119,76.4912,35.7647,0.811424058,3,3
MP63,MP,448567.72,206970.76,G,1577.6,49.2503,65.5222,67.7368,0.378861837,3,3
C8,C,446240.33,206637.71,G,1578.18,46.2195,90.21,181.506,-0.999654578,5,3
CP9,CP,446486.33,209112.71,G,1583.08,183.764,84.2943,352.414,0.991247827,4,3
MP55,MP,448598.34,207079.41,G,1585.33,5.51485,63.0996,125.207,-0.576532145,3,3
MP33,MP,448440.72,207343.76,G,1588.16,19.8219,67.556,95.9504,-0.103667483,3,3
B227,B,447763.72,208100.76,G,1597.35,5.99261,76.8308,33.3466,0.835360552,5,3
W96,W,445493.33,209137.71,G,1599.14,134.353,71.7151,337.273,0.922356133,5,3
W54,W,446073.33,209473.71,G,1599.58,31.0737,64.0516,273.721,0.064898059,5,3
B229,B,447883.72,207856.76,G,1600.37,130.254,79.8533,49.875,0.644457328,5,3
MP64,MP,448605.72,206956.76,G,1602.68,13.9881,63.636,80.6565,0.162353013,3,3
B100,B,447811.72,207581.76,G,1606.71,66.2956,106.99,65.6889,0.411690918,5,2
C46,C,446606.33,206916.71,G,1606.91,23.4793,107.054,239.348,-0.509822391,5,2
B89,B,447775.72,207982.76,G,1610.22,83.5491,79.624,107.332,-0.297908067,5,3
MP35,MP,448422.72,207277.76,G,1614.5,82.988,68.8394,91.9596,-0.034194805,3,3
B213,B,447605.72,207765.76,G,1618.92,116.794,107.651,11.7232,0.979140618,5,2
MP24,MP,448356.72,207411.76,G,1619.04,37.9568,73.5656,125.197,-0.57638953,3,3
MP49,MP,448489.72,207134.76,G,1620.28,105.635,68.2256,54.3933,0.582218048,3,3
B79,B,447443.72,207758.76,G,1620.97,104.775,114.322,40.4967,0.76044337,5,1
C53,C,446554.72,206813.76,G,1621.21,27.8326,97.0233,251.293,-0.320728712,5,3
B192,B,447817.72,208064.76,G,1623.48,5.64377,75.2568,68.0284,0.374146967,5,3
W93,W,445509.33,209146.71,G,1627.55,126.239,72.0362,332.381,0.886049896,5,3
B127,B,447741.72,207722.76,G,1628.1,192.257,102.691,17.9741,0.951196107,5,2
B161,B,447430.72,207645.76,G,1630.96,217.747,122.371,351.243,0.988342918,5,2
B22,B,447949.72,207797.76,G,1632.8,74.1438,78.1468,53.7281,0.59161785,3,3
CP18,CP,446459.33,209073.71,G,1633.7,231.005,89.3118,5.66443,0.995117037,4,3
B162,B,447425.72,207600.76,G,1636.54,256.408,126.417,9.30122,0.986852275,5,1
CP24,CP,446437.33,208955.71,G,1639.83,257.419,96.0254,154.876,-0.905391031,4,2
C129,C,446375.72,206747.76,G,1640.72,114.028,94.3742,145.64,-0.825507719,5,3
W43,W,445941.33,209362.71,G,1641.47,98.5129,68.0641,357.053,0.99867752,5,3
O58,O,445427.72,207495.76,G,1644.17,98.4563,91.6145,164.767,-0.964865324,4,3
C34A,C,446323.72,206802.76,G,1644.55,124.07,99.7687,138.557,-0.749614549,5,3
B158,B,447532.72,207680.76,G,1646.07,182.973,119.098,16.2742,0.959931577,5,2
O26,O,445161.72,207857.76,G,1646.27,22.1073,109.155,144.048,-0.809509132,5,3
CP4,CP,446433.33,209284.71,G,1646.88,50.3717,77.019,354.101,0.994704611,4,3
B176,B,447668.72,207668.76,G,1648,231.987,113.391,37.7359,0.790840211,5,2
O22,O,445238.72,207974.76,G,1651.79,24.3832,116.446,214.277,-0.826324442,2,3
SW72,SW,447082.33,207381.71,G,1661.31,89.09,144.322,9.91233,0.985072304,3,1
C134,C,446305.72,206735.76,G,1668.17,151.087,96.5506,157.807,-0.92591674,5,3
C102,C,446317.72,206904.76,G,1670.1,89.4837,107.61,149.269,-0.859575915,5,3
CP35,CP,446634.33,208808.71,G,1670.36,52.4041,108.846,23.629,0.916159977,4,2
B24,B,447850.72,207818.76,G,1670.92,151.785,86.645,39.0743,0.776329218,5,3
C16,C,446388.72,206621.76,G,1681.22,23.4223,87.3053,186.732,-0.993105333,5,3
CP27,CP,446549.33,208969.71,G,1690.79,164.396,99.9856,341.171,0.946486026,4,2
SW67,SW,446997.33,207305.71,G,1696.7,11.7994,145.114,279.514,0.165288596,3,1
B111,B,447749.72,207600.76,G,1697.37,131.394,112.968,55.6827,0.563775457,5,2
B180,B,447479.72,207788.76,G,1704.83,76.0304,111.899,13.9552,0.97048459,5,2
CP6,CP,446499.33,209263.71,G,1706.03,52.3005,76.4745,74.8319,0.261651855,4,3
SW64,SW,447007.33,207379.71,G,1707.88,90.6676,144.304,216.096,-0.808031016,3,1
CP3,CP,446370.33,209284.71,G,1709.06,57.7538,77.2223,6.61902,0.993334556,4,3
SW75,SW,447124.33,207330.71,G,1710.42,30.4248,146,11.6355,0.979450475,3,1
W64,W,445682.33,209306.71,G,1712.16,68.5475,68.5749,343.808,0.960332631,5,3
W13,W,446119.33,209148.71,G,1715.82,265.524,87.7266,20.4217,0.937149905,5,3
W52,W,445820.33,209385.71,G,1721.2,43.3431,63.8398,10.447,0.983423059,5,3
C34,C,446319.53,206759.73,G,1723.43,146.511,97.4129,148.761,-0.855011452,5,3
SW129,SW,446172.33,207563.71,G,1728.41,256.818,117.411,316.269,0.722593237,2,2
O46,O,445334.72,207897.76,G,1729.59,141.538,113.776,184.847,-0.996423883,2,3
SW71,SW,447051.33,207418.71,G,1733.21,126.283,142.477,9.7115,0.985669631,3,1
B91,B,447964.72,207749.76,G,1734.59,21.5668,80.1343,47.2338,0.679008343,3,3
W95,W,445509.33,209118.71,G,1735.44,153.999,76.6582,331.41,0.87806651,5,3
B163,B,447469.72,207578.76,G,1737.5,225.213,126.88,135.911,-0.71825989,5,1
MP34,MP,448488.72,207295.76,G,1741.2,13.4974,65.4708,75.92,0.243276448,3,3
C133,C,446346.72,206709.76,G,1744.74,123.91,92.7292,171.976,-0.990209685,5,3
MP32,MP,448413.72,207330.76,G,1745.46,52.3862,69.1775,94.1742,-0.072789104,3,3
MP84,MP,448290.72,207471.76,G,1749.6,12.4457,78.7417,92.398,-0.041840778,3,3
W4A,W,446240.33,209195.71,G,1751.45,164.758,82.3218,341.174,0.946502923,5,3
W40,W,446045.33,209413.76,G,1751.5,75.8168,66.4243,4.19902,0.99731573,5,3
C45,C,446597.72,206945.76,G,1753.94,16.653,108.475,219.096,-0.776090435,5,2
W59,W,445913.33,209353.71,G,1754.71,103.358,68.0441,328.875,0.856041623,5,3
B53,B,447587.72,207675.76,G,1754.82,193.478,117.041,41.1489,0.75300207,5,2
B218,B,447705.72,207763.76,G,1757.07,178.024,100.364,39.6298,0.770181609,5,2
B63,B,447403.72,207584.76,G,1771.79,262.209,128.123,354.613,0.995583291,5,1
B137,B,447627.72,207477.76,G,1775.98,84.3006,129.534,56.2,0.556295616,5,1
B121,B,447972.72,207792.76,G,1777.63,62.4466,77.4597,49.7771,0.64576291,3,3
B60,B,447455.72,207705.76,G,1778.99,157.789,118.538,347.99,0.978111298,5,2
C33,C,446313.72,206692.76,G,1786.23,118.05,93.0168,161.3,-0.947210278,5,3
O43,O,445377.72,207909.76,G,1788.01,176.816,115.53,189.856,-0.985241068,2,2
MP62,MP,448542.72,206988.76,G,1789.39,75.1319,66.6941,60.1247,0.498113977,3,3
MP71,MP,448536.72,206873.76,G,1789.98,0.392277,68.5741,90.495,-0.008639272,3,3
B189,B,447754.72,208029.76,G,1790.05,34.9235,80.1785,73.8901,0.27748066,5,3
B98,B,447876.72,207609.76,G,1796.61,14.8585,97.1725,58.6628,0.52007377,5,3
CP5,CP,446449.33,209244.71,G,1797.05,93.1683,79.1201,41.5483,0.74839687,4,3
W55,W,446057.33,209470.71,G,1808.42,25.6962,64.1713,270.525,0.00916285,5,3
B226,B,447840.72,208003.76,G,1808.57,13.7375,75.4337,86.9205,0.053721541,5,3
CP7,CP,446544.33,209240.71,G,1810.57,41.1062,76.4642,225.002,-0.707082098,4,3
C49,C,446609.33,206852.71,G,1817.27,23.8028,104.051,254.13,-0.273455615,5,2
C56,C,446528.33,206888.71,G,1818.8,111.654,98.6817,214.293,-0.826167136,5,2
C160B,C,446353.33,207072.76,G,1819.1,5.21278,118.263,164.218,-0.962303485,5,2
C35,C,446390.33,206939.71,G,1820.67,126.845,107.873,147.706,-0.845317786,5,3
C152,C,446535.33,206798.71,G,1826.22,21.2724,95.6553,248.427,-0.367686365,5,3
B225,B,447796.72,207941.76,G,1826.88,86.7387,78.7682,70.3549,0.336193,5,3
W39,W,445981.33,209386.71,G,1828.86,82.6912,67.257,354.524,0.995436259,5,3
MP13,MP,448119.72,207736.81,G,1829.56,20.9569,75.2677,33.9607,0.829420936,3,3
B97,B,447845.72,207605.76,G,1833.35,41.6843,100.244,52.5743,0.607732113,5,3
O34,O,445302.72,207803.76,G,1834.15,127.669,101.803,218.718,-0.780233943,4,3
SW65,SW,447015.33,207352.76,G,1835.33,60.6181,145.852,72.3655,0.302943789,3,1
W36,W,446064.33,209374.71,G,1837.15,119.228,68.3721,6.52668,0.993519034,5,3
B10,B,447762.72,207546.76,G,1842.32,97.2329,115.701,53.4839,0.595048645,5,2
B182,B,447565.72,207801.76,G,1851.44,65.8058,105.962,115.913,-0.43700588,5,2
O57,O,445453.72,208114.76,G,1853.9,187.761,118.237,283.488,0.233241706,5,2
W60,W,445859.33,209421.71,G,1855.44,19.5668,62.8836,345.138,0.966546404,5,3
MP61,MP,448589.72,207010.76,G,1857.83,18.7617,63.6165,69.8958,0.343728533,3,3
W41,W,446030.33,209444.71,G,1858.31,35.6182,64.8605,8.02299,0.990212146,5,3
MP80,MP,448343.72,207270.76,G,1862.75,6.80402,77.3392,77.949,0.208782275,3,3
W3,W,446234.33,209164.71,G,1863.01,196.137,85.9212,321.048,0.777672907,5,3
B90,B,447801.72,208023.76,G,1867.19,36.5287,77.8638,91.0036,-0.017515229,5,3
MP34A,MP,448457.72,207302.76,G,1869.04,33.0539,66.6918,76.2031,0.238480914,3,3
W8,W,446167.33,209134.76,G,1870.58,249.886,88.5252,358.498,0.999656411,5,3
B190,B,447786.72,208094.76,G,1870.78,10.8904,75.426,52.8444,0.603981681,5,3
B175,B,447753.72,207473.76,G,1877.14,67.6621,121.276,36.2038,0.80692114,5,2
B211,B,447602.72,207704.76,G,1877.78,170.243,113.45,12.5083,0.976264643,5,2
CP37,CP,446661.33,208737.71,G,1878.64,74.2103,111.645,37.0607,0.79799749,4,1
C161,C,446247.33,206870.71,G,1888.35,21.339,108.136,168.11,-0.97854496,5,3
B78,B,447558.72,207725.76,G,1898.06,138.945,113.991,18.0078,0.951014439,5,2
CP15,CP,446368.33,209033.71,G,1898.24,310.681,93.1833,357.542,0.999079928,4,2
MP52,MP,448469.72,207074.76,G,1901.72,127.995,70.8166,87.4407,0.044653359,3,3
B168,B,447496.72,207427.76,G,1909.64,95.1567,136.335,28.1633,0.881605957,5,1
C51,C,446497.72,206774.76,G,1909.95,17.0246,94.0128,73.1365,0.290092601,5,3
MP91,MP,447955.72,207914.76,G,1911.13,80.1355,73.2151,23.1718,0.919329119,3,3
C39,C,446491.72,206960.76,G,1911.9,68.2149,101.542,208.242,-0.880956818,5,2
B164,B,447438.72,207559.76,G,1913.32,226.815,128.821,21.8861,0.927926714,2,1
B123,B,447860.72,207831.76,G,1916.56,154.117,83.941,48.3361,0.664759793,5,3
SW3,SW,446241.33,207876.76,G,1918.78,16.7175,141.443,177.151,-0.998763995,3,2
B216,B,447663.72,207776.76,G,1920.09,141.333,101.837,16.0093,0.961216943,5,2
O38,O,445313.72,207707.76,G,1927.28,145.811,97.4083,267.66,-0.040829352,4,3
W20,W,446229.33,209534.71,G,1932.1,15.4212,61.6121,334.559,0.903028122,5,3
SW50,SW,446720.33,207436.71,G,1934.63,83.5242,142.531,14.1153,0.969806927,5,1
C62,C,446256.33,206910.71,G,1937.51,24.4665,110.39,166.362,-0.971804835,5,3
MP50,MP,448460.2,207118.29,G,1942.2,115.569,70.6567,57.2423,0.541087494,3,3
O14,O,445451.72,208171.76,G,1945.68,159.606,114.304,272.784,0.048570849,5,2
C9,C,446110.33,206644.71,G,1946.43,14.8305,88.1964,241.384,-0.478937018,5,3
SW60,SW,446894.33,207300.71,G,1948.21,4.83299,144.015,270.536,0.009354828,3,1
CP12,CP,446356.33,209083.71,G,1950.04,262.049,90.5661,23.5423,0.916765438,4,3
W89,W,445514.33,209277.71,G,1951.32,4.18893,63.4341,355.036,0.996249263,5,3
O55,O,445366.72,207968.76,G,1975.04,157.598,120.21,252.756,-0.296441564,5,2
SW114,SW,446053.33,207204.71,G,1978.58,122.301,112.996,334.147,0.899915787,2,2
B183,B,447566.72,207850.76,G,1981.57,18.1189,103.275,26.4066,0.895660536,5,2
B199,B,447651.72,207728.76,G,1983.25,171.757,108.001,38.4372,0.783290004,5,2
O112,O,445957.33,207531.71,G,1984.19,403.242,100.02,252.099,-0.307373226,2,3
W31,W,446142.33,209424.71,G,1986.67,115.552,65.5937,303.279,0.548716442,5,3
MP85,MP,448279.72,207503.76,G,1996.82,18.0034,79.5168,78.8816,0.192837089,3,3
MP57,MP,448512.72,207064.76,G,1998.86,96.0614,68.2372,95.5077,-0.095979523,3,3
B191,B,447743.72,208050.76,G,2000.46,14.8896,80.2211,57.1491,0.542454733,5,3
C107,C,446221.72,206699.76,G,2000.73,94.0886,94.9833,177.108,-0.998726412,5,3
C143,C,446550.72,206989.76,G,2008.36,14.048,109.818,208.113,-0.882019974,5,2
SW38,SW,446503.33,207381.71,G,2008.53,7.82166,143,155.836,-0.912377498,3,1
MP2,MP,447995.72,207860.76,G,2012.09,40.1738,73.7403,79.3716,0.184438543,3,3
CP23,CP,446483.33,208902.71,G,2012.34,196.11,104.269,330.518,0.870510352,4,1
SW13,SW,446304.33,207572.71,G,2020.44,126.073,134.657,300.793,0.511937919,3,2
C109,C,446101.33,206667.71,G,2023.87,12.4358,88.7881,244.475,-0.430904883,5,3
CP19,CP,446504.33,208987.71,G,2030.11,212.519,95.9532,321.105,0.778297946,4,2
W42,W,445967.33,209346.71,G,2042.09,118.102,69.5465,5.59627,0.995233751,5,3
CP11,CP,446392.33,209100.71,G,2047.6,241.761,89.1004,23.5003,0.917057987,4,3
O18,O,445339.57,207980.91,G,2048.82,130.291,120.028,280.693,0.185546565,2,2
W57,W,445965.33,209415.71,G,2051.62,45.7578,65.3631,13.3278,0.973067138,5,3
CP32,CP,446578.33,208977.71,G,2052.5,142.454,99.5435,15.7426,0.962490286,4,2
W51A,W,445876.33,209386.71,G,2055.5,63.4194,65.3232,349.624,0.983647,5,3
P14,P,447153.33,207568.71,G,2060.84,192.931,131.553,347.942,0.977936632,2,1
C6,C,446262.72,206721.76,G,2074.04,116.818,96.4862,167.302,-0.975542217,5,3
O47,O,445308.72,207948.76,G,2093.94,100.868,118.071,197.583,-0.953280341,2,3
O1,O,445294.72,208013.76,G,2094.49,86.2697,118.231,319.675,0.762386042,2,3
MP67,MP,448468.72,207029.76,G,2101.7,129.882,71.6364,85.5944,0.076816478,3,3
O8,O,445208.72,208155.81,G,2104.38,11.3347,99.3287,334.261,0.90078163,5,3
W81,W,445606.33,209304.71,G,2106.93,26.7868,64.8967,324.062,0.809652565,5,3
B228,B,447919.72,207883.76,G,2108,110.244,76.0572,13.1931,0.973606396,5,3
MP83,MP,448302.72,207433.76,G,2113.65,7.92136,78.0895,104.717,-0.254044928,3,3
P13,P,447236.33,207462.71,G,2115.43,162.129,137.695,31.3847,0.853689895,2,1
EX91,EX,445759.33,207904.71,G,2120.53,264.12,130.054,182.365,-0.999148224,2,2
MP22,MP,448334.72,207501.76,G,2120.68,4.84895,74.4685,74.5717,0.266032279,3,3
MP42,MP,448447.72,207210.76,G,2122.14,100.509,68.1268,71.8225,0.311961841,3,3
C18,C,446427.72,206663.76,G,2124.48,35.5411,89.6732,174.126,-0.99474936,5,3
SW14,SW,446269.33,207542.71,G,2127.76,168.787,133.709,324.981,0.818961794,2,2
B207,B,447530.72,207839.76,G,2128.71,19.4175,105.544,40.5064,0.760333417,5,2
SW19,SW,446366.33,207552.71,G,2135.16,79.795,139.765,340.04,0.939931167,3,1
MP40,MP,448517.72,207253.76,G,2135.33,12.3365,64.291,70.0216,0.341665863,3,3
SW61,SW,446890.33,207348.71,G,2138.57,44.926,144.974,2.65977,0.998922704,3,1
MP23,MP,448366.72,207434.76,G,2139.76,19.0973,72.7639,110.452,-0.349422554,3,3
O25,O,445223.72,207860.76,G,2140.72,66.1919,106.693,201.514,-0.930327987,5,3
O2,O,445295.72,208068.76,G,2141.78,97.8094,112.9,355.066,0.996294433,2,3
W37,W,446046.33,209353.71,G,2148.45,132.242,69.7096,2.18672,0.999271787,5,3
O33,O,445289.33,207863.71,G,2148.57,125.973,109.634,187.686,-0.991015909,2,3
B206,B,447433.72,207666.81,G,2156.6,196.733,120.883,345.971,0.970173154,5,2
B212,B,447519.72,207746.76,G,2160.01,118.672,114.102,20.5768,0.936201925,5,2
C1,C,446340.33,206937.71,G,2166.44,116.584,109.258,172.35,-0.991099747,5,3
MP47,MP,448510.72,207193.76,G,2169.33,52.5231,65.6953,74.0934,0.274070002,3,3
W25,W,446156.33,209366.71,G,2170.54,129.714,68.3316,335.625,0.910863825,5,3
O87,O,445494.33,207677.71,G,2177.19,261.659,109.499,207.617,-0.886066078,2,2
W38,W,446005.33,209356.71,G,2180.7,118.185,68.8239,348.887,0.981248957,5,3
MP46,MP,448477.72,207167.76,G,2187.72,98.3358,67.8235,55.5749,0.565328413,3,3
MP86,MP,448227.72,207521.76,G,2194.53,3.91494,82.0208,43.1856,0.72914065,3,3
P3,P,447167.33,207551.71,G,2197.47,214.371,132.887,333.041,0.891331165,2,1
MP3,MP,448026.72,207878.76,G,2197.89,6.63013,71.7804,71.1455,0.323166006,3,3
C11,C,446215.33,206611.71,G,2199.6,15.9749,88.6298,165.923,-0.96996973,5,3
B184,B,447608.72,207849.76,G,2201.08,45.2309,101.311,84.1396,0.102105023,5,3
MP59,MP,448553.24,207029.14,G,2202.51,56.9104,65.8062,77.3818,0.21845323,3,3
B26,B,447793.72,207785.76,G,2203.37,175.07,93.462,21.2961,0.931715951,5,3
B186,B,447709.72,207935.76,G,2209.5,64.7987,88.4382,73.7647,0.279582691,5,3
B67,B,447465.72,207469.76,G,2214.15,144.109,133.814,34.2233,0.826851928,2,1
C24A,C,446376.72,206875.76,G,2216.05,150.932,102.441,161.022,-0.945643515,5,3
W71,W,445813.33,209236.71,G,2218.84,187.848,83.3233,335.808,0.912177343,5,3
SW79,SW,447232.33,207358.71,G,2236.47,56.6951,144.426,353.494,0.993559996,3,1
SW39,SW,446571.33,207393.71,G,2238.16,11.6601,143.053,151.343,-0.87750632,5,1
MP53,MP,448521.72,207119.76,G,2239.09,80.8197,67.0777,81.2718,0.151747322,3,3
O4,O,445228.72,208069.76,G,2239.65,44.1701,110.082,353.952,0.994433977,5,3
O53,O,445348.72,207698.76,G,2259.58,176.521,99.8712,273.779,0.065908183,4,3
SW43,SW,446607.33,207529.71,G,2266.86,2.67203,138.983,15.7108,0.962640722,3,1
O7,O,445203.72,208133.76,G,2269.31,20.9892,101.422,349.908,0.984527656,5,3
O3,O,445269.72,208067.76,G,2279.54,74.6038,111.623,350.366,0.985896901,5,3
MP56,MP,448559.72,207079.76,G,2293.51,41.904,65.418,99.2443,-0.160644375,3,3
W64B,W,445719.33,209298.71,G,2295.35,93.5846,70.5515,345.031,0.966065719,5,3
SW109,SW,446096.33,207150.71,G,2304.58,92.2754,111.849,214.669,-0.822451931,5,2
C157,C,446480.33,206866.71,G,2309.93,110.329,97.9789,123.516,-0.552169829,5,3
SW41,SW,446596.33,207435.71,G,2315.01,58.1338,142.286,66.2603,0.402582139,5,1
EX69,EX,445899.33,208257.71,G,2316.07,112.215,163.848,196.535,-0.958646061,3,1
CP38A,CP,446896.72,208471.76,G,2320.28,6.43225,107.355,79.8943,0.175464667,3,1
SW83,SW,447438.33,207316.71,G,2338.92,57.9834,142.233,15.2908,0.964599776,3,1
W53,W,445780.33,209386.71,G,2347.99,27.8508,62.7747,345.667,0.968873309,5,3
B88,B,447690.72,207999.76,G,2348.01,5.85441,86.3898,49.836,0.644977653,5,3
SW52,SW,446742.33,207421.71,G,2353.49,68.048,143.132,10.2548,0.984025787,5,1
B174,B,447714.72,207418.76,G,2356.22,17.7067,126.367,74.7071,0.263753522,5,1
SW69,SW,447057.33,207346.71,G,2361.56,49.7953,146,60.5669,0.491406975,3,1
B215,B,447636.72,207796.76,G,2366.07,108.89,101.451,42.6269,0.735779217,5,3
O29,O,445236.72,208018.76,G,2369.66,24.032,115.163,354.356,0.995152168,2,3
W80,W,445704.33,209263.71,G,2370.11,117.698,74.5043,334.405,0.90187023,5,3
C106,C,446229.72,206720.76,G,2384.5,89.1936,96.6604,181.279,-0.999750858,5,3
P10,P,447352.33,207568.71,G,2385.18,260.305,130.456,22.081,0.926653341,2,1
MP96,MP,447925.72,207923.76,G,2388.28,74.529,74.021,4.76092,0.996549702,3,3
CP5B,CP,446400.1,209230.86,G,2401.12,111.39,80.7631,14.536,0.967990131,4,3
W79,W,445684.33,209242.71,G,2412.04,127.177,75.8342,342.34,0.952873504,5,3
SW47,SW,446646.33,207423.71,G,2412.66,56.2455,142.525,26.5579,0.894483001,5,1
EX72A,EX,445912.33,208188.71,G,2421.72,140.047,160.795,206.541,-0.89461484,3,1
O35,O,445340.33,207824.71,G,2425.02,167.923,106.586,185.734,-0.994996457,2,3
C123,C,446457.33,206803.71,G,2426.96,70.632,96.1178,120.425,-0.506410059,5,3
P2,P,447207.33,207495.71,G,2432.7,197.189,136.244,7.82892,0.990679212,2,1
MP1,MP,447963.72,207858.76,G,2435.55,72.7762,75.1012,56.5097,0.551795803,3,3
W34,W,446103.33,209396.71,G,2436.72,119.854,67.1318,331.489,0.878725489,5,3
B223,B,447711.72,207510.76,G,2437.71,113.116,121.651,51.9147,0.616833956,5,1
CP17,CP,446523.33,209028.71,G,2441.45,214.165,93.6368,314.301,0.698427777,4,3
W32,W,446111.33,209455.71,G,2449,73.0255,64.5448,293.833,0.404072208,5,3
SW81,SW,447280.33,207372.71,G,2477.05,82.8961,143.459,344.365,0.962998113,3,1
SW101A,SW,446196.33,207192.71,G,2483.78,81.0494,127.436,247.161,-0.388142989,3,2
O23,O,445222.72,207955.76,G,2487.66,11.8051,116.251,187.484,-0.991481273,5,3
B95,B,447881.72,207674.76,G,2491.02,39.698,92.3423,41.6628,0.747069934,5,3
MP87,MP,448221.72,207584.76,G,2495.75,30.7746,79.741,60.2418,0.496340753,3,3
O17,O,445431.72,208036.76,G,2501.91,224.332,122.634,324.481,0.813922905,5,2
SW59,SW,446847.33,207337.71,G,2506.8,16.265,144.754,270.536,0.009354828,3,1
B194A,B,447846.72,207942.76,G,2507.34,48.0931,77.3649,10.0332,0.984706967,5,3
B122,B,447907.72,207820.76,G,2519.76,116.125,79.2122,42.3229,0.739362046,5,3
SW37,SW,446460.33,207368.71,G,2520.84,9.32565,142.206,202.72,-0.922403327,3,1
SW24,SW,446523.33,207554.71,G,2526.21,3.25465,139.169,26.4998,0.894935919,3,1
MP69,MP,448519.72,206960.76,G,2530.82,76.43,69.0764,61.3033,0.480172977,3,3
SW103,SW,446179.33,207147.71,G,2531.28,84.0359,119.96,224.044,-0.718806129,3,2
P1,P,447226.33,207400.71,G,2537.12,100.908,141.897,21.8558,0.928123714,2,1
MP48,MP,448556.72,207188.76,G,2557.89,13.4518,63.9256,73.7467,0.279884308,3,3
CP13,CP,446310.33,209078.71,G,2558.87,271.332,92.3199,41.715,0.746464,4,2
SW25,SW,446550.33,207530.71,G,2561.13,7.16512,139.767,31.4949,0.85268667,3,1
O56,O,445416.72,208003.76,G,2562.08,206.994,124.94,327.172,0.840301775,5,2
CP31,CP,446600.33,208929.71,G,2568.17,100.775,103.204,20.4497,0.936979276,4,2
CP1,CP,446350.33,209195.71,G,2569.6,151.102,83.4213,42.7653,0.734141219,4,3
O104,O,445716.33,207772.71,G,2582.83,370.876,118.052,148.413,-0.851845801,2,2
SW55,SW,446791.33,207400.71,G,2589.27,58.3422,143.145,29.1209,0.873594762,3,1
O50,O,445431.72,207610.76,G,2590.86,172.877,101.607,202.331,-0.925004277,4,3
MP44,MP,448390.72,207219.76,G,2592.42,45.0488,72.0166,84.687,0.092596508,3,3
B197,B,447740.72,207796.76,G,2594.82,176.967,94.9331,49.5091,0.649327269,5,3
SW62,SW,446899.33,207378.71,G,2604.45,81.4167,143.851,15.8455,0.962001466,3,1
W29,W,446124.33,209221.71,G,2614.31,210.553,81.5977,26.482,0.895074495,5,3
C156,C,446528.33,206909.71,G,2617.84,102.387,99.8519,214.509,-0.824037208,5,2
W62,W,445726.33,209377.71,G,2618.15,18.6785,62.7564,350.302,0.98570935,5,3
B15,B,447811.72,207658.76,G,2620.04,101.422,101.068,60.3416,0.494827862,5,3
MP78,MP,448423.72,207060.76,G,2624.66,83.0459,74.927,83.401,0.114919813,3,3
W24,W,446185.33,209410.71,G,2643.56,98.0263,66.3573,269.077,-0.016108692,5,3
SW58,SW,446859.33,207384.71,G,2646.92,70.7497,143.612,10.4124,0.98353238,3,1
O49,O,445432.72,207554.76,G,2652.16,154.175,96.752,217.592,-0.792374828,4,3
SW123,SW,445980.33,207449.71,G,2655.08,332.083,102.441,293.011,0.390907846,2,2
W5,W,446195.33,209187.71,G,2658.57,190.03,82.4741,344.45,0.963396877,5,3
W58,W,445917.33,209425.71,G,2661.2,25.4478,63.8041,20.1553,0.938762126,5,3
W56,W,445993.33,209438.71,G,2665.36,29.133,64.544,340.807,0.944416542,5,3
SW104A,SW,446212.33,207123.71,G,2673.02,50.2355,119.669,176.548,-0.998185592,2,2
SW20,SW,446401.33,207577.71,G,2684.02,35.3782,138.334,349.535,0.983366045,3,1
SW110,SW,446074.33,207165.71,G,2686.2,96.0722,111.869,192.128,-0.977680681,5,2
SW29,SW,446468.33,207455.71,G,2687.23,93.2024,142.325,2.39255,0.999128267,3,1
W26,W,446142.33,209342.71,G,2689.76,146.675,69.46,10.4466,0.983424325,5,3
W23,W,446199.33,209475.71,G,2692.3,77.5516,63.4795,320.825,0.77522019,5,3
W22,W,446164.33,209458.71,G,2693.34,97.2671,63.702,304.586,0.567642598,5,3
SW31,SW,446510.33,207427.71,G,2694.03,49.774,142.885,83.3305,0.116142031,3,1
O95,O,445955.33,207585.71,G,2694.65,402.229,101.824,210.242,-0.863905837,2,3
W11,W,446051.33,209146.71,G,2695.94,314.477,91.2476,87.9733,0.035365212,5,3
W7,W,446155.33,209193.71,G,2703.31,207.939,81.7544,344.279,0.962592502,5,3
CP36,CP,446664.33,208766.71,G,2706.41,46.2092,109.949,14.5055,0.968123601,4,2
MP70,MP,448559.72,206926.76,G,2718.35,42.5346,66.4167,84.3426,0.098579888,3,3
B201,B,447485.72,207826.76,G,2719.9,31.6845,108.324,350.253,0.985564925,5,2
SW12,SW,446325.33,207597.76,G,2743.33,101.176,132.826,279.018,0.156744749,3,2
B185,B,447636.72,207915.76,G,2744.02,15.3654,94.214,32.0349,0.847725154,5,3
SW45,SW,446699.33,207483.71,G,2753.78,74.7313,140.652,13.0179,0.974299739,3,1
CP28,CP,446614.33,209067.71,G,2770.65,143.747,90.9464,36.5943,0.802876786,4,3
W64A,W,445637.33,209270.71,G,2771.31,79.2969,70.1686,333.549,0.895315628,5,3
B194,B,447875.72,207960.76,G,2776.33,22.7502,75.0259,38.3659,0.784062999,5,3
C105,C,446268.72,206788.76,G,2778.56,89.0376,101.436,148.301,-0.850820281,5,3
W103,W,445304.33,209032.71,G,2785.09,56.3627,65.9215,274.717,0.082234213,5,3
MP45,MP,448407.72,207160.76,G,2795.46,57.9411,72.7704,65.2133,0.41924135,3,3
SW26,SW,446443.33,207550.71,G,2799.66,52.9695,140.8,356.577,0.99821594,3,1
W49,W,446052.33,209277.71,G,2820.45,206.991,78.4103,17.8579,0.951819988,5,3
SW133,SW,446261.33,207581.71,G,2824.97,166.365,127.72,296.278,0.442726932,2,2
SW82,SW,447327.33,207376.71,G,2826.86,116.137,142.851,25.4751,0.902772294,3,1
MP92,MP,447983.72,207936.76,G,2839.25,61.1954,71.6766,50.5395,0.635546107,3,3
O37,O,445345.33,207761.71,G,2848.13,168.397,102.329,243.365,-0.448305212,2,3
W63,W,445695.33,209336.71,G,2849.89,43.0258,66.0742,349.802,0.984201789,5,3
W65,W,445642.33,209320.71,G,2850.4,31.2219,65.1178,344.143,0.961946643,5,3
W19,W,446231.33,209497.71,G,2862.43,31.1352,63.0741,354.432,0.995281745,5,3
W67,W,445819.33,209351.71,G,2863.86,80.9666,66.2628,9.4641,0.986388822,5,3
SW61A,SW,446964.33,207329.71,G,2879.7,38.6436,145.595,332.934,0.890482974,3,1
SW46,SW,446668.33,207455.71,G,2897.42,92.2449,141.772,18.2736,0.949570054,5,1
SW54,SW,446789.33,207359.71,G,2899.66,14.6054,144.653,66.9605,0.391365636,3,1
C9A,C,446141.33,206711.71,G,2907.53,16.2825,93.1011,234.602,-0.579252719,5,3
SW85,SW,447385.33,207377.71,G,2910.78,126.72,141.631,34.2403,0.826685018,2,1
W4B,W,446257.33,209228.71,G,2920.53,128.412,79.9748,350.96,0.987578888,5,3
O63,O,445432.72,207470.76,G,2935.03,75.3351,89.2783,169.446,-0.983082718,4,3
MP15,MP,448158.72,207690.76,G,2937.18,20.039,77.0312,36.5735,0.803093151,3,3
SW22,SW,446461.33,207594.71,G,2948.23,8.87518,136.911,1.34795,0.999723273,3,2
B86,B,447683.72,207911.81,G,2954.22,59.0568,90.5569,79.3548,0.18472672,5,3
SW132,SW,446225.33,207620.71,G,2960.77,201.205,121.041,264.573,-0.09457745,2,2
P11,P,447292.33,207556.71,G,2969.16,257.743,131.751,34.8185,0.820964891,2,1
C10,C,446147.33,206622.71,G,2980.34,16.7134,88.6573,198.183,-0.950064681,5,3
O75,O,445771.33,207166.71,G,2981.85,5.72331,84.6586,281.35,0.196801817,4,3
O24,O,445168.72,207887.76,G,2990.48,20.7543,111.844,145.254,-0.821686729,5,3
W16,W,446212.33,209362.71,G,2995.14,74.8045,68.6756,320.995,0.77709104,5,3
EX11C,EX,445792.33,208402.71,G,3011.42,203.811,160.784,18.9498,0.945803461,5,1
SW125,SW,446013.33,207508.71,G,3016.33,395.636,102.634,283.876,0.239821409,2,2
CP34,CP,446663.33,208847.71,G,3016.68,7.33869,105.605,32.5051,0.843343616,4,2
SW89,SW,447452.33,207361.71,G,3028.63,104.206,141.027,117.106,-0.455638128,3,1
B217,B,447751.72,207832.76,G,3039.22,163.477,91.2885,19.2188,0.944268411,5,3
B224,B,447750.72,207895.76,G,3053.25,123.564,86.2699,64.0629,0.437384176,5,3
SW53,SW,446714.33,207379.71,G,3070.66,23.3824,144.405,343.702,0.959815089,5,1
CP2,CP,446331.33,209279.71,G,3076.56,68.339,77.2489,352.06,0.990413267,4,3
O41,O,445459.72,207817.76,G,3085.38,284.808,111.223,285.984,0.27536891,2,3
W17,W,446242.33,209395.71,G,3095.01,35.8545,67.2438,326.368,0.832612039,5,3
O109,O,445869.33,207566.71,G,3097.73,354.29,98.9265,182.84,-0.99877179,2,3
W85,W,445566.33,209264.71,G,3105.21,40.5541,66.3112,327.331,0.841802957,5,3
O48,O,445470.72,207553.76,G,3107.39,166.2,98.2049,202.779,-0.922005122,4,3
W78,W,445685.33,209195.71,G,3108.41,168.094,80.8781,333.86,0.897720221,5,3
W72,W,445760.33,209327.71,G,3117.62,84.7912,68.3214,348.633,0.980384854,5,3
B85,B,447637.72,207880.76,G,3137.65,39.1655,96.6721,68.6017,0.364849159,5,3
B203,B,447661.72,207431.76,G,3142.15,34.7105,129.026,54.8254,0.576070008,5,1
W76,W,445644.33,209161.71,G,3148.62,175.628,81.7836,331.836,0.88160019,5,3
O82,O,445805.33,207580.71,G,3173.37,320.184,98.5391,185.465,-0.995454561,2,3
EX74,EX,445909.33,208141.71,G,3174.97,124.923,158.69,196.937,-0.956625657,3,1
C135,C,446398.33,207008.71,G,3175.11,56.7018,111.764,120.133,-0.502008945,5,2
SW130,SW,446195.33,207551.71,G,3182.36,236.689,120.43,323.086,0.799537924,2,2
SW109A,SW,446136.33,207131.71,G,3185.16,99.3087,114.825,223.982,-0.719557998,5,2
EX70,EX,445865.33,208233.71,G,3192.88,153.749,162.57,215.393,-0.815198562,3,1
EX35A,EX,445645.33,208807.71,G,3203.54,401.418,111.256,329.2,0.858959897,5,3
B23,B,447871.72,207890.76,G,3215.41,95.7397,78.3549,39.8387,0.767850991,5,3
MP7,MP,448037.72,207767.76,G,3218.49,64.0216,76.2677,75.7506,0.246143143,3,3
C110,C,446166.33,206677.71,G,3233.14,61.9122,92.6164,208.948,-0.875059346,5,3
SW87,SW,447421.33,207386.71,G,3239.55,132.209,140.058,47.4288,0.676505881,3,1
C61,C,446277.33,206952.71,G,3244.06,67.4714,112.129,146.211,-0.831091255,5,3
MP94,MP,448025.32,208016.68,G,3247.3,2.90631,66.8097,32.1407,0.846744229,3,3
MP75,MP,448359.72,206990.76,G,3272.77,18.7002,84.4066,62.6093,0.460055672,3,3
EX62F,EX,446379.19,208094.35,G,3278,6.80789,142.552,95.5151,-0.096108081,3,1
B195,B,447788.72,207914.76,G,3286.83,109.126,81.1762,29.2263,0.872698047,5,3
O78A,O,445754.33,207372.71,G,3289.05,147.456,87.588,215.595,-0.813151558,2,3
MP54,MP,448559.72,207141.76,G,3304.72,32.094,64.5818,93.6075,-0.06292116,3,3
CP42A,CP,447064.71,208490.18,G,3304.9,35.6086,93.7656,104.45,-0.249535041,3,3
O75B,O,445871.33,207127.71,G,3325.47,22.9117,93.7333,237.021,-0.54433161,4,2
SW28,SW,446452.33,207484.71,G,3342.81,103.707,142.014,24.2851,0.911510262,3,1
B221,B,447557.72,207344.76,G,3353.76,6.18794,139.796,37.5923,0.792371634,3,1
W46,W,446077.33,209204.76,G,3366.48,258.186,88.992,58.4634,0.523043117,5,3
MP76,MP,448390.72,207004.76,G,3366.79,50.0254,81.4573,48.6586,0.660544334,3,3
O69,O,445539.33,207561.76,G,3375.67,197.928,100.175,171.225,-0.98829504,2,3
C162,C,446211.33,206825.71,G,3396.96,14.5379,103.886,207.599,-0.886211665,5,3
P12,P,447234.33,207532.71,G,3399.48,232.081,134.037,82.6431,0.128049589,2,1
O96,O,445978.33,207543.71,G,3402.06,425.337,101.502,245.684,-0.411768854,2,3
O30A,O,445251.72,207904.76,G,3414.9,71.4926,112.449,210.702,-0.85983445,5,3
EX36,EX,445626.33,208771.71,G,3441.72,378.76,112.843,314.921,0.706131143,5,3
W28,W,446109.33,209245.71,G,3443.97,209.15,78.474,47.8259,0.671385647,5,3
MP51,MP,448419.72,207113.76,G,3453.72,75.5831,73.8712,66.1473,0.404386695,3,3
O108,O,445834.33,207594.71,G,3468.3,349.499,99.7213,199.024,-0.945382119,2,3
SW106,SW,446160.33,207047.71,G,3488.45,42.2826,108.895,234.689,-0.578014301,5,2
W18,W,446247.33,209436.71,G,3491.04,27.0358,65.4923,338.91,0.933016352,5,3
P20,P,446835.33,207587.71,G,3491.13,8.17722,128.523,7.86617,0.990590444,2,1
SW88,SW,447468.33,207292.71,G,3494.81,25.3914,141.633,64.4686,0.431005679,3,1
MP79,MP,448367.72,207167.76,G,3524.51,14.2462,76.8505,78.6639,0.196563955,3,3
W47,W,446079.33,209309.71,G,3527.99,184.679,72.9687,29.9592,0.866381231,5,3
SW30,SW,446515.33,207463.71,G,3536.88,85.9661,142.419,14.5866,0.967768097,3,1
SW42,SW,446590.33,207468.71,G,3543.99,62.1551,141.625,38.4619,0.783021938,5,1
EX81A,EX,445778.33,208354.71,G,3544.57,206.572,162.257,225.667,-0.698827379,5,1
SW102,SW,446220.33,207169.71,G,3555.53,46.1666,124.56,196.29,-0.959854263,3,2
B62A,B,447393.72,207640.76,G,3584.19,206.725,123.152,29.1534,0.873318576,5,2
EX85,EX,446042.33,207841.76,G,3588.38,133.487,126.706,161.059,-0.945853326,2,2
SW21,SW,446420.33,207585.71,G,3603.4,18.2152,137.683,356.51,0.998145438,3,2
O16,O,445431.72,208109.76,G,3612.18,173.5,115.536,294.245,0.410639285,2,3
O94,O,445958.33,207605.71,G,3614.51,382.012,103.2,195.709,-0.962649229,2,2
P19,P,446914.33,207609.71,G,3615.85,18.1489,123.928,356.087,0.997668821,3,2
O5,O,445176.72,208063.76,G,3618.88,12.8241,111.232,0.128858,0.999997471,5,3
C163,C,446174.33,206770.71,G,3650.1,11.0219,98.9155,213.839,-0.830605618,5,3
SW51,SW,446734.33,207470.71,G,3656.2,91.0009,140.887,26.2829,0.896618626,3,1
SW27,SW,446425.33,207512.71,G,3682.92,92.6468,141.253,349.439,0.983060333,3,1
SW90,SW,447512.33,207309.71,G,3697.94,23.9392,140.952,56.0571,0.558366421,3,1
B196,B,447723.72,207846.76,G,3713.94,132.818,91.836,25.568,0.902073708,5,3
SW124,SW,445999.33,207471.71,G,3732.48,356.772,102.655,296.08,0.439625672,2,2
CP41,CP,447001.72,208493.76,G,3770.4,83.7591,98.8621,98.0818,-0.140586744,3,2
EX47A,EX,446150.33,208758.71,G,3772.21,352.252,129.415,20.2387,0.93825958,5,1
SW44,SW,446666.33,207531.71,G,3787.6,13.2955,137.463,17.2836,0.954845879,3,1
P4,P,447188.33,207599.71,G,3800.35,206.957,130.548,342.552,0.95398947,2,1
O19,O,445340.72,208043.76,G,3807.81,134.553,117.864,2.21796,0.999250834,2,3
EX42A,EX,445869.33,208651.71,G,3859.83,330.492,142.829,12.3414,0.976891391,5,2
SW4,SW,446274.33,207845.71,G,3871.66,44.2283,139.612,150.325,-0.868847616,3,2
EX34,EX,445711.33,208853.71,G,3872.18,469.367,112.72,318.739,0.751713208,5,2
P8,P,447288.33,207788.71,G,3875.36,24.7983,112.722,217.837,-0.78975905,3,2
MP66,MP,448621.72,206914.76,G,3877.07,8.71043,63.1317,81.9797,0.139523946,3,3
W73,W,445791.33,209253.71,G,3900.37,164.855,79.8371,339.582,0.937172436,5,3
C63,C,446224.33,206926.71,G,3903.94,7.39016,110.027,235.32,-0.568992506,5,3
CP33,CP,446525.33,208860.71,G,3915.66,147.541,110.027,28.4804,0.87898029,4,2
SW115,SW,446077.33,207218.71,G,3935.58,145.127,114.472,298.786,0.481539538,2,2
SW104,SW,446208.33,207101.71,G,3936.29,62.2479,118.269,182.911,-0.998709626,2,2
MP97,MP,447796.72,207184.76,G,3938.34,4.85645,120.486,202.501,-0.923872853,3,2
SW17,SW,446303.33,207521.71,G,3944.98,148.606,139.756,319.934,0.765303497,3,1
B79A,B,447442.72,207741.76,G,3957.27,121.813,115.635,34.4843,0.824281362,2,1
MP89,MP,448096.72,207648.76,G,3958.4,9.82611,82.1434,29.7265,0.868402266,3,3
SW107,SW,446138.33,207049.71,G,3962.04,27.1396,106.582,215.898,-0.810062108,5,3
W33,W,446102.33,209511.71,G,3974.16,13.8503,62.4848,239.457,-0.508184865,5,3
O100,O,445734.33,207874.71,G,4008.4,299.93,127.312,138.819,-0.752633297,2,2
O60,O,445324.72,207450.76,G,4021.94,27.9424,84.5366,219.825,-0.76800415,4,3
MP68,MP,448478.72,206992.76,G,4030.92,103.574,71.8433,61.5303,0.476693945,3,3
EX54,EX,446607.33,208709.71,G,4035.03,96.5697,117.472,56.2146,0.556083848,4,1
EX3,EX,445602.33,208356.71,G,4056.05,299.677,149.83,282.881,0.222926861,5,1
O67,O,445493.33,207493.71,G,4077.82,119.009,91.3708,184.612,-0.99676206,4,3
MP90,MP,448077.72,207710.76,G,4085.69,44.0355,78.3301,4.15388,0.997373107,3,3
EX62C,EX,446330.33,208264.71,G,4113.15,10.9073,150.18,83.5511,0.112317039,3,1
EX48,EX,446170.25,208679.27,G,4129.27,291.349,135.443,51.0686,0.628389467,4,1
MP72,MP,448484.72,206908.76,G,4147.32,14.6011,73.6585,86.0052,0.069665937,3,3
O12,O,445404.72,208227.76,G,4151.42,104.061,109.419,283.669,0.236312453,2,3
W68,W,445861.33,209327.71,G,4152.26,117.057,70.0029,17.2758,0.954886316,5,3
EX79,EX,445837.33,208289.71,G,4171.22,152.678,163.695,267.523,-0.04321834,3,1
W1,W,446222.33,209088.71,G,4195.89,272.683,92.9029,2.3097,0.999187587,5,3
W50,W,445924.33,209323.71,G,4223.59,134.693,72.6792,338.732,0.93189396,5,3
MP77,MP,448383.72,207042.76,G,4232.27,37.9794,79.7368,72.8408,0.295027727,3,3
EX37,EX,445613.33,208723.71,G,4245.01,353.159,114.465,264.433,-0.097009674,5,3
SW116,SW,446054.33,207257.71,G,4252.78,171.186,110.687,264.109,-0.102636288,2,2
MP73,MP,448396.98,206917.97,G,4254.41,5.17682,82.8436,81.198,0.153020332,3,3
EX58,EX,446421.33,208586.71,G,4259.23,27.8015,130.984,53.4426,0.595627807,4,1
MP88,MP,448181.72,207609.76,G,4277.42,33.3345,80.2175,56.5158,0.55170701,3,3
EX62G,EX,446411.61,208050.73,G,4321.63,4.4581,139.314,99.4506,-0.164197176,3,1
O61,O,445357.72,207427.76,G,4341.75,17.5585,84.5109,179.406,-0.99994626,4,3
W21,W,446206.33,209539.71,G,4371.22,27.0666,61.4112,334.759,0.90452214,5,3
O15,O,445419.72,208178.76,G,4380.89,127.222,110.714,250.748,-0.3297236,2,3
CP22,CP,446462.33,208873.71,G,4391.1,211.327,107.726,344.423,0.963270441,4,2
SW131,SW,446202.33,207594.71,G,4405.89,223.821,118.613,300.189,0.502854009,2,2
SW1,SW,446202.33,207910.71,G,4416.32,6.38024,144.061,190.966,-0.981740239,3,2
O110,O,445880.33,207543.71,G,4440.99,348.239,98.3053,221.277,-0.751529015,2,3
W15,W,446267.33,209330.71,G,4458.06,27.8987,71.6384,337.672,0.925024171,5,3
W44,W,446005.33,209288.71,G,4467.01,183.457,77.9018,6.33302,0.99389755,5,3
O42,O,445423.72,207885.76,G,4470.91,228.003,113.087,168.938,-0.981420134,2,2
O6,O,445173.72,208103.76,G,4472.41,19.0476,104.987,339.622,0.937415762,5,3
CP42,CP,447038.72,208452.76,G,4491.86,21.4149,95.9017,96.0526,-0.105441433,3,3
C61A,C,446303.33,206992.71,G,4521.76,79.4851,115.091,145.078,-0.819932127,5,3
EX35,EX,445687.33,208804.71,G,4523.1,443.365,114.704,329.68,0.863219385,5,2
O70,O,445581.33,207542.71,G,4525.26,192.946,97.1462,156.899,-0.91981465,2,3
EX62E,EX,446325.53,208122.65,G,4526.64,2.64296,147.144,117.743,-0.465506395,3,1
EX90,EX,445791.33,207896.71,G,4534.27,239.592,128.474,178.774,-0.999771077,2,2
SW11,SW,446322.33,207639.71,G,4555.56,109.404,131.523,261.315,-0.151002028,3,2
P18,P,446946.33,207593.71,G,4557.41,36.3002,126.691,356.44,0.998070321,2,1
O77,O,445712.33,207287.71,G,4567.69,70.8952,84.8768,197.087,-0.955859706,2,3
O59,O,445394.72,207517.76,G,4568.51,113.342,92.8091,200.648,-0.935764449,4,3
SW18,SW,446358.33,207529.71,G,4577.88,101.737,140.405,344.059,0.961545022,3,1
SW118,SW,446052.33,207309.71,G,4595.36,218.619,111.511,267.331,-0.046565992,2,2
EX22,EX,446025.33,209133.71,G,4602.1,338.469,94.2817,76.4421,0.234427869,5,3
O13A,O,445385.72,208271.76,G,4611.13,84.5423,108.454,245.082,-0.421320749,2,3
O10,O,445297.72,208135.76,G,4611.66,79.039,107.634,313.924,0.693703591,2,3
MP93,MP,448018.72,207967.76,G,4614.68,33.952,69.63,62.3611,0.463897601,3,3
P15,P,447105.33,207601.71,G,4619.03,134.947,127.973,344.643,0.96429443,2,1
W83,W,445607.33,209219.71,G,4651.59,106.956,73.5575,333.947,0.898388158,5,3
EX38,EX,445634.33,208665.71,G,4738.79,358.388,118.118,309.352,0.634082927,5,2
SW56,SW,446817.33,207436.71,G,4797.65,102.739,141.277,35.1484,0.817663696,3,1
SW84A,SW,447375.33,207309.71,G,4805.19,56.7842,143.493,28.6397,0.877651081,3,1
CP14,CP,446309.33,209043.71,G,4808.08,306.178,94.9434,49.9434,0.643544038,4,2
W14,W,446247.33,209273.76,G,4815.99,89.7006,75.544,343.957,0.961054562,5,3
W102,W,445323.33,209040.71,G,4827.45,66.3368,66.6848,283.161,0.227688123,5,3
EX5,EX,445483.33,208370.71,G,4834.53,180.816,123.242,253.683,-0.280951477,5,2
EX41B,EX,445738.33,208427.71,G,4835.08,263.057,157.674,313.249,0.685170278,5,1
O40,O,445462.72,207850.76,G,4836.24,277.056,111.329,201.097,-0.932972383,2,3
EX17,EX,445694.33,208976.71,G,4871.83,356.053,102.636,337.125,0.921355105,5,3
SW63,SW,446960.33,207394.71,G,4897.61,110.237,143.317,335.382,0.909105286,3,1
O111,O,445925.33,207523.71,G,4992.44,372.462,98.7217,248.494,-0.366598658,2,3
W27,W,446173.33,209315.71,G,5010.06,121.519,71.0571,353.616,0.993799008,5,3
C160A,C,446323.33,207042.71,G,5018.98,37.459,118.473,118.068,-0.470519135,5,2
O20,O,445342.72,208098.76,G,5032.71,126.071,110.187,14.3567,0.968770826,2,3
EX62D,EX,446300.77,208230.55,G,5041.98,7.50906,151.954,102.295,-0.212945122,3,1
O9,O,445267.72,208154.76,G,5053.14,52.0275,102.964,284.262,0.246356283,5,3
O107,O,445709.33,207638.71,G,5056.46,324.357,104.131,180.914,-0.999872765,2,2
O54,O,445438.72,207968.76,G,5067.98,229.425,125.578,258.57,-0.198170582,5,2
EX34A,EX,445694.33,208899.71,G,5092.68,422.176,108.682,326.248,0.831450219,5,3
EX62,EX,446299.33,208425.71,G,5099.25,115.136,147.491,32.949,0.839155029,4,1
SW80A,SW,447326.33,207326.71,G,5122.34,81.7669,144.473,38.1237,0.786679722,3,1
O75A,O,445831.33,207155.71,G,5122.96,40.1754,90.2468,258.058,-0.206921414,4,2
CP43,CP,446948.72,208462.76,G,5142.31,28.7455,103.841,87.6676,0.040696817,3,2
CP39,CP,446973.72,208542.76,G,5148.11,20.4971,100.653,65.7644,0.410489689,3,2
CP29,CP,446615.33,208950.71,G,5202.21,97.2993,101.326,8.41985,0.989221663,4,2
SW108,SW,446096.33,207115.71,G,5255.87,61.3936,109.037,229.754,-0.646070694,5,2
CP14A,CP,446274.9,209060.81,G,5303.34,292.355,94.6371,24.8301,0.907556997,4,2
W75,W,445667.33,209164.71,G,5306.01,185.665,83.0065,331.961,0.882627829,5,3
O119,O,446051.33,207804.71,G,5316.62,167.778,118.984,161.381,-0.947662587,2,2
SW36,SW,446424.33,207401.71,G,5417.14,56.3417,142,237.96,-0.530511184,3,1
SW57,SW,446878.33,207437.71,G,5420.85,127.434,140.738,353.539,0.99364868,2,1
EX29A,EX,446020.33,208789.71,G,5423.79,428.034,127.666,21.8159,0.928382734,5,2
EX39,EX,445695.33,208717.71,G,5423.82,430.218,124.43,315.012,0.707254862,5,1
P22,P,446823.33,207539.71,G,5441.75,52.5225,133.562,14.351,0.968795489,2,1
MP95,MP,447941.72,207986.76,G,5458.72,29.6373,71.4737,355.551,0.996986777,3,3
W9,W,446181.33,209099.76,G,5464.51,275.239,92.0225,12.8876,0.974809487,5,3
EX68,EX,445909.33,208292.71,G,5472.15,84.7119,163.119,36.1261,0.807721403,3,1
EX49,EX,446245.33,208674.71,G,5476.67,226.819,133.576,7.28677,0.991923756,4,1
EX46,EX,446031.33,208756.71,G,5489.67,394.743,131.587,23.8848,0.914361403,4,1
EX43A,EX,445873.33,208521.71,G,5556.85,217.267,155.8,17.6086,0.953145272,4,1
O78,O,445747.33,207342.71,G,5573.11,128.411,86.8011,206.005,-0.898755788,2,3
SW128,SW,446154.33,207555.71,G,5582.22,275.889,116.09,311.737,0.665712374,2,2
O73,O,445701.33,207286.71,G,5617.37,59.4377,84.509,189.356,-0.986697296,2,3
SW111,SW,445998.33,207148.71,G,5634.76,43.7522,104.823,228.38,-0.664187203,5,2
O93,O,445912.33,207645.71,G,5638.7,356.442,105.753,188.197,-0.989783698,2,2
SW10,SW,446318.33,207680.71,G,5675.49,124.355,130.65,232.261,-0.612065467,3,2
O64,O,445472.72,207440.76,G,5704.23,59.4755,86.2441,186.188,-0.994173562,4,3
EX53,EX,446535.33,208706.71,G,5712.02,107.538,120.025,61.4885,0.477335141,5,1
EX28,EX,446168.33,208842.71,G,5731.43,392.867,117.188,348.854,0.981137781,2,2
EX44,EX,445891.33,208698.71,G,5740.16,365.803,138.129,5.51981,0.995363,5,2
O113,O,445853.33,207841.76,G,5745.6,221.955,122.241,217.466,-0.793714447,2,2
EX75,EX,445916.33,208096.71,G,5794.52,95.3508,156.063,184.031,-0.997526162,3,1
P21,P,446767.33,207549.71,G,5859.38,24.0735,134.332,5.4075,0.995549637,2,1
W74,W,445800.33,209211.71,G,5860.96,207.399,86.3679,339.745,0.938161128,5,3
EX42,EX,445837.33,208589.71,G,5866.58,293.169,147.723,339.114,0.934291614,4,2
O11,O,445339.72,208246.76,G,5922.02,33.1017,105.397,247.937,-0.375625859,2,3
CP30,CP,446639.33,208899.71,G,5925.26,48.1217,103.444,46.8373,0.684072397,4,2
EX38A,EX,445669.33,208666.71,G,5934.47,392.854,122.94,288.591,0.31881043,5,2
W10,W,446093.33,209131.71,G,5968.89,295.234,89.9124,49.1376,0.654244649,5,3
O118,O,446026.33,207781.71,G,5979.81,195.492,118.277,158.575,-0.93089652,2,2
W104,W,445273.33,208998.71,G,5986.1,65.6083,66.532,337.009,0.920566218,5,3
CP38,CP,446894.72,208524.76,G,5994.82,15.1233,105.927,67.825,0.377436764,3,1
W77,W,445609.33,209153.71,G,6012.73,162.311,80.9556,327.149,0.840084086,5,3
O65,O,445533.33,207430.71,G,6041.44,71.3528,87.1758,222.217,-0.74060526,4,3
SW120,SW,446049.33,207369.71,G,6053.81,273.015,111.933,249.416,-0.351580238,2,2
SW32,SW,446283.33,207228.71,G,6084.83,8.87726,134.395,210.765,-0.859272526,3,1
EX12A,EX,445480.33,208770.71,G,6086.02,238.47,102.183,315.916,0.718320605,2,3
P7,P,447254.33,207742.71,G,6088.19,67.1608,116.716,5.89555,0.994710798,3,2
EX57,EX,446473.33,208633.71,G,6106.02,49.0782,126.404,55.2402,0.570137291,4,1
SW80,SW,447250.33,207305.71,G,6115.32,9.87538,144.999,347.029,0.974483798,3,1
EX78,EX,446079.33,207964.71,G,6145.41,3.02417,146.35,180.845,-0.99989125,3,2
EX86,EX,446001.33,207834.71,G,6145.64,149.322,127.483,177.613,-0.999132306,2,2
EX52,EX,446477.33,208704.71,G,6153.21,122.319,122.087,44.8365,0.709121709,5,1
EX66,EX,445877.75,208346.33,G,6171.88,107.112,162.518,337.553,0.924233129,3,1
EX89,EX,445826.33,207888.71,G,6191.67,214.525,127.839,186.939,-0.992675337,2,2
B80A,B,447433.72,207820.76,G,6215.61,36.1702,109.385,27.0716,0.890438497,2,2
EX47,EX,446112.33,208725.71,G,6219.74,365.279,134.407,14.8845,0.966445605,4,1
SW105,SW,446199.33,207046.71,G,6226.05,79.6379,112.737,250.566,-0.332720793,5,2
EX12,EX,445406.33,208764.71,G,6236.64,165.052,95.8524,321.225,0.779611298,2,3
W75A,W,445751.33,209202.71,G,6251.08,193.432,83.7797,344.388,0.963106223,5,3
EX49A,EX,446155.33,208632.71,G,6285.2,280.829,139.446,63.5666,0.44515725,4,1
EX56,EX,446552.33,208643.71,G,6300.25,36.6913,122.153,6.99453,0.992557782,4,1
O86,O,445584.33,207655.71,G,6301.98,301.212,109.371,180.026,-0.999999897,2,2
EX62B,EX,446330.33,208317.71,G,6324.05,8.01768,149.61,78.9744,0.191247572,3,1
W94,W,445546.33,209131.71,G,6346.15,149.498,79.3493,325.934,0.828392879,5,3
SW6,SW,446327.33,207836.71,G,6384.18,69.8763,135.837,98.1276,-0.141378121,3,2
O74,O,445633.33,207335.71,G,6417.71,20.6187,84.3336,205.122,-0.905405851,5,3
EX18A,EX,445761.33,208957.71,G,6433.31,409.787,106.383,338.906,0.932991228,5,3
O105,O,445697.33,207743.71,G,6496.15,403.64,115.697,164.272,-0.962559391,2,2
EX4,EX,445547.33,208400.76,G,6502.18,244.777,139.385,281.871,0.205708891,5,1
EX71,EX,445851.33,208172.71,G,6533.04,189.835,157.962,335.96,0.913261279,3,1
EX10A,EX,445542.33,208712.71,G,6628.3,282.085,109.878,274.179,0.072872657,5,3
EX33,EX,445775.33,208855.71,G,6648.41,501.559,114.061,348.699,0.980611238,5,2
W91,W,445496.33,209236.71,G,6654.47,31.4326,65.6311,307.293,0.60589121,5,3
EX39C,EX,445793.33,208670.71,G,6659.46,384.641,139.754,349.157,0.982146346,5,1
EX72,EX,445922.33,208217.71,G,6661.5,115.621,162.193,187.693,-0.990999562,3,1
W101,W,445335.33,209003.71,G,6688.48,101.537,68.3173,272.995,0.052248809,5,3
EX8,EX,445557.33,208562.71,G,6719.95,267.752,118.677,321.683,0.784592444,2,2
EX55,EX,446634.33,208663.71,G,6738.37,40.4568,117.478,68.6063,0.364774407,4,1
SW34,SW,446359.33,207328.71,G,6755.5,24.6654,141.187,227.426,-0.67654187,3,1
P5,P,447227.33,207656.71,G,6759.24,152.541,125.782,345.477,0.968047053,2,1
EX73,EX,445964.33,208152.71,G,6905.86,88.5484,160.092,183.226,-0.99841533,3,1
EX49C,EX,446215.33,208762.71,G,6932.99,303.622,126.324,12.0917,0.977813592,5,1
SW121,SW,446035.33,207357.71,G,6970.28,256.655,110.533,251.379,-0.319306663,2,2
O106,O,445717.33,207689.71,G,6986.74,375.283,109.797,151.731,-0.880733731,2,2
W92,W,445495.33,209195.71,G,7000.13,76.3914,67.899,299.424,0.491268644,5,3
CP21,CP,446357.33,208965.71,G,7013.82,335.112,97.2249,28.913,0.875354851,4,2
EX80,EX,445795.33,208313.71,G,7031.62,189.388,162.683,272.43,0.042398787,5,1
EX43,EX,445912.33,208625.71,G,7073.28,290.098,146.647,348.54,0.980063651,4,1
O83,O,445788.33,207625.71,G,7077.37,346.808,101.943,164.812,-0.965071386,2,2
EX59,EX,446392.33,208565.71,G,7112.96,38.748,134.357,56.8976,0.546137051,4,1
EX14B,EX,445630.33,208871.71,G,7133.29,391.481,106.688,310.276,0.646470257,5,1
W45,W,446015.33,209235.71,G,7151.79,237.309,86.4752,246.656,-0.396250702,5,3
EX8A,EX,445573.33,208620.71,G,7153.57,291.437,116.158,326.234,0.831314435,5,3
O84,O,445745.33,207577.71,G,7184.83,283.572,97.2165,182.743,-0.998854241,2,3
SW117,SW,446081.33,207293.71,G,7190.29,214.616,115.182,277.811,0.13590578,2,2
EX51C,EX,446379.33,208890.71,G,7203.23,295.586,103.944,7.52625,0.991384957,5,2
P9,P,447314.33,207802.71,G,7218.79,20.161,111.691,353.055,0.99266268,3,2
SW15,SW,446239.33,207501.71,G,7243.95,213.466,133.115,306.713,0.597807049,2,2
SW2,SW,446216.33,207871.71,G,7250.04,29.6239,140.54,184.622,-0.996748011,2,2
EX1,EX,445711.33,208363.71,G,7308.86,273.979,159.857,320.92,0.776266507,5,1
EX14A,EX,445559.33,208789.71,G,7327.33,316.225,107.215,306.629,0.596631141,5,3
P24,P,446997.33,207496.71,G,7388.66,144.153,136.263,232.594,-0.607459027,2,1
O72,O,445710.33,207362.71,G,7391.34,104.477,86.6625,154.137,-0.899839666,2,3
SW126,SW,446067.33,207514.71,G,7441.09,362.353,107.925,282.744,0.220595296,2,2
W99,W,445380.33,209050.71,G,7443.07,106.596,70.3833,303.154,0.54689125,5,3
P23,P,446911.33,207515.71,G,7461.12,109.813,134.743,3.27617,0.998365672,2,1
SW35,SW,446381.33,207366.71,G,7471.75,45.6343,141.626,223.063,-0.730603363,3,1
EX31,EX,445914.33,208883.71,G,7489.16,535.534,117.087,6.85993,0.992841117,5,2
SW33,SW,446328.33,207280.71,G,7575.56,9.00006,140.014,241.805,-0.472473855,3,1
SW113,SW,446006.33,207195.71,G,7584.76,95.7079,108.365,296.687,0.449116288,2,2
EX51D,EX,446444.87,208795.54,G,7654.82,217.567,117.388,18.6302,0.947600158,5,1
O103,O,445746.33,207787.71,G,7675.75,337.977,117.801,121.507,-0.52260273,2,2
EX51A,EX,446381.33,208780.71,G,7676.1,219.65,120.906,32.4717,0.84365673,5,1
EX41D,EX,445851.33,208441.71,G,7750.1,171.611,161.139,256.595,-0.231832793,4,1
EX39B,EX,445778.33,208758.71,G,7776.88,467.36,127.568,322.873,0.797299585,5,2
EX40,EX,445730.33,208660.71,G,7821.98,414.351,133.726,269.243,-0.013211758,5,1
O85,O,445640.33,207606.71,G,7891.67,272.327,100.46,167.024,-0.974464207,2,3
EX61,EX,446309.33,208474.71,G,7949.44,102.641,143.862,36.3551,0.805358585,4,1
P17,P,447006.33,207611.71,G,8057.94,50.0687,124.576,354.034,0.994583749,3,2
EX2,EX,445636.33,208384.71,G,8095.13,333.238,151.551,308.943,0.628546946,5,1
O102,O,445681.33,207827.71,G,8095.87,369.098,128.346,151.848,-0.881699026,2,2
EX43B,EX,445919.33,208499.71,G,8154.3,172.789,156.856,35.3108,0.816028652,4,1
EX45,EX,445963.33,208750.71,G,8164.7,395.424,134.194,345.595,0.968561455,4,2
EX32,EX,445844.33,208866.71,G,8181.61,531.704,115.806,330.067,0.866609497,5,2
SW5,SW,446320.98,207891.12,G,8211.58,23.7672,138.788,145.567,-0.824787964,3,2
EX51,EX,446397.33,208674.71,G,8239.34,118.533,127.624,48.1797,0.666796552,5,1
O66,O,445582.33,207406.71,G,8278.48,62.2752,87.6958,211.878,-0.849174531,4,3
EX39A,EX,445861.33,208761.71,G,8313.14,435.262,133.29,340.728,0.943962359,5,2
SW119,SW,446065.33,207348.71,G,8404.07,259.555,113.822,248.021,-0.374266738,2,2
SW127,SW,446100.33,207536.71,G,8547.49,332.392,111.04,294.668,0.417359602,2,2
W97,W,445487.33,209092.71,G,8609.4,161.702,77.413,310.477,0.649142749,5,3
O114,O,445873.33,207775.71,G,8766.96,260.899,116.264,204.815,-0.907667635,2,2
O13,O,445364.72,208273.76,G,8775.03,61.3745,107.023,244.501,-0.430495344,2,3
EX19A,EX,445815.33,208992.71,G,8858.11,408.831,103.89,320.236,0.768685565,2,3
SW7,SW,446331.33,207801.71,G,8884.56,103.281,134.776,68.1904,0.3715234,3,2
O115,O,445904.33,207703.71,G,9096.45,306.225,111.39,197.552,-0.953443646,2,2
EX88,EX,445921.33,207835.71,G,9102.62,184.296,124.582,204.454,-0.910293915,2,2
EX29,EX,446108.33,208834.71,G,9128.75,431.476,117.835,8.78083,0.988279512,5,2
O116,O,446001.33,207664.71,G,9131.44,315.101,109.588,179.718,-0.999987888,2,2
EX41A,EX,445755.33,208462.71,G,9207.36,262.752,156.715,333.431,0.894396367,5,1
W98,W,445459.33,209114.71,G,9307.92,126.428,70.7073,312.571,0.676503311,5,3
EX43D,EX,446085.33,208625.71,G,9324.07,265.466,143.045,53.4853,0.595029007,4,1
EX43E,EX,446010.33,208649.71,G,9392.95,288.894,143.816,354.189,0.994861289,4,1
EX62A,EX,446322.33,208376.71,G,9477.6,59.5654,148.145,75.0375,0.258186793,3,1
EX11,EX,445444.33,208706.71,G,9562.46,186.508,102.376,286.803,0.289081922,2,3
EX51B,EX,446314.33,208817.71,G,9579.58,283.487,119.745,13.2774,0.973269539,5,1
MP98,MP,447817.72,207173.76,G,9702.75,7.74002,120.32,208.726,-0.876928155,3,2
O80,O,445811.33,207436.71,G,9736.32,229.414,89.4532,257.389,-0.2183306,2,3
W99A,W,445385.33,209013.71,G,9767,131.133,73.6032,312.713,0.678326399,5,3
EX60,EX,446331.33,208517.71,G,9815.01,78.1041,140.634,15.2621,0.964731754,4,1
EX30,EX,445981.49,208869.98,G,9848.11,510.902,119.195,10.8669,0.98206779,5,2
EX50,EX,446308.33,208686.71,G,9863.88,183.899,129.852,20.5807,0.936178,5,1
SW8,SW,446281.33,207774.71,G,9873.81,119.151,132.909,245.543,-0.414010208,3,2
EX84,EX,446086.33,207856.71,G,9913.51,108.596,127.865,171.91,-0.990048235,2,2
EX41,EX,445795.33,208539.71,G,9987.37,279.921,150.824,323.128,0.799977984,4,1
EX26,EX,446155.33,208949.71,G,10013.99,424.882,106.03,351.446,0.988876117,5,2
SW112,SW,445938.33,207159.71,G,10110.76,35.198,101.41,250.357,-0.336158481,4,2
EX73A,EX,446031.33,208127.71,G,10137.15,12.0145,158.663,173.416,-0.993404823,3,1
O81,O,445780.33,207502.71,G,10166.69,245.66,91.8235,171.832,-0.989855736,2,3
O79,O,445788.33,207390.71,G,10234.64,185.884,88.7232,239.828,-0.502597522,2,3
SW134,SW,446238.33,207655.71,G,10354.17,194.282,122.827,247.841,-0.377178151,2,2
EX18,EX,445710.33,209023.71,G,10362.09,326.514,99.5167,336.728,0.918639572,2,3
EX14,EX,445451.33,208853.71,G,10602.66,212.637,92.0599,291.185,0.361380476,2,3
EX77,EX,445991.33,207977.71,G,10621.64,23.2363,147.312,183.724,-0.997888499,3,1
O71,O,445601.33,207494.71,G,10652.67,153.802,93.6586,156.189,-0.914882176,4,3
O39,O,445496.72,207825.76,G,10851.69,318.356,115.578,301.848,0.527667615,2,2
W69,W,445872.33,209243.71,G,10935.65,200.062,84.5911,329.572,0.862266271,5,3
EX27,EX,446225.33,208867.71,G,10964.28,375.776,115.377,192.752,-0.975334616,2,2
EX49B,EX,446227.33,208612.71,G,11192.46,207.795,138.982,17.0663,0.955965797,4,1
EX19,EX,445807.33,209073.71,G,11481.1,333.586,98.2496,326.401,0.832930899,2,3
SW122,SW,445975.33,207428.71,G,11517.13,310.675,103.093,283.176,0.227943038,2,2
EX76,EX,445899.33,207993.71,G,11600.63,102.08,147.492,190.493,-0.983277164,3,1
SW101,SW,446187.33,207225.71,G,11703.36,100.901,127.48,257.508,-0.216303295,3,2
EX9,EX,445503.33,208584.71,G,11891.73,217.261,113.183,327.99,0.847955595,2,3
EX7,EX,445561.33,208502.71,G,11978.15,269.243,125.57,330.239,0.868103532,5,2
EX75A,EX,445885.33,208058.71,G,11985.2,110.459,152.646,191.653,-0.979388829,3,1
EX13,EX,445382.33,208817.71,G,12241.88,139.44,89.1056,333.589,0.89562638,2,3
EX21,EX,445992.33,209122.71,G,12332.32,343.293,96.7212,50.061,0.641971676,5,3
SW9,SW,446338.33,207737.71,G,12515.52,120.709,130.943,87.1054,0.050498813,3,2
SW16,SW,446260.33,207485.71,G,12838.37,204.383,136.466,295.996,0.438308398,2,2
EX63,EX,446234.33,208384.71,G,12986.43,80.7655,152.238,24.2527,0.911742688,4,1
O76,O,445791.33,207210.71,G,13005.66,50.5394,87.5575,261.815,-0.142369806,4,3
EX20,EX,445893.33,209060.71,G,13355.61,380.092,101.01,351.379,0.988701507,2,3
EX62H,EX,446454.65,207990.58,G,13361.48,12.0973,133.248,72.6769,0.297759782,3,2
EX43C,EX,445982.36,208540.66,G,13408.17,186.439,151.675,62.861,0.45615075,4,1
O101,O,445672.33,207883.71,G,13540.84,352.006,135.622,139.87,-0.764584034,2,2
EX16,EX,445612.33,208972.71,G,13559.15,321.495,99.6761,353.464,0.993500532,2,3
EX64,EX,446184.33,208449.71,G,13576.03,120.781,151.013,7.95982,0.990365424,4,1
MP74,MP,448311.72,206937.76,G,13846.48,0.522256,89.8276,73.1647,0.289621548,3,2
EX15,EX,445523.33,208906.71,G,13952.16,296.267,97.8592,317.667,0.739243345,2,3
EX31A,EX,445950.33,208948.71,G,14248.58,504.453,110.155,249.284,-0.353736055,5,2
EX25,EX,446123.33,208965.71,G,14508.79,421.145,104.815,23.7335,0.915427424,5,2
O117,O,446057.33,207708.71,G,14620.95,257.75,111.965,210.294,-0.86344838,2,2
EX62I,EX,446427.53,207969.36,G,15386.86,45.2857,134.133,100.346,-0.179592071,3,1
P16,P,447070.33,207626.71,G,15419.37,92.0703,125.271,339.668,0.937695023,2,1
EX5A,EX,445452.33,208363.71,G,16003.98,150.005,116.733,264.731,-0.091831835,2,2
EX71A,EX,445808.33,208198.71,G,16137.22,220.406,159.782,151.029,-0.874864979,3,1
EX67,EX,445956.33,208360.71,G,16149,36.3851,161.472,10.6014,0.982930854,3,1
P6,P,447223.33,207763.71,G,16262.91,42.2628,115.163,7.36882,0.991741105,3,2
EX10,EX,445473.33,208641.71,G,16937.11,196.505,108.286,309.089,0.630526806,2,3
EX65,EX,446127.33,208492.71,G,17730.39,138.958,148.957,42.6573,0.735419793,4,1
EX92,EX,445731.33,207934.71,G,18361.46,279.297,137.207,183.111,-0.99852627,2,2
W105,W,445237.33,208993.71,G,18701.51,40.8077,65.8714,356.929,0.998563914,5,3
CP40A,CP,447114.72,208507.76,G,19566.9,15.551,88.6289,80.2832,0.168778396,3,3
EX6,EX,445486.33,208437.71,G,19750,189.862,125.377,297.508,0.461872459,5,2
CP40,CP,447072.72,208549.76,G,20066.78,61.6086,91.7346,70.9199,0.326889679,3,3
EX13A,EX,445305.33,208756.71,G,26009.41,62.9295,90.9159,332.556,0.887461715,2,3
EX48A,EX,446179.33,208737.71,G,NA,316.574,130.222,30.1111,0.865054246,5,1
C137,C,446448.52,206895.56,G,NA,145.258,NA,113.067,-0.391807272,5,2
C114,C,446322.44,206578.38,G,NA,2.3,NA,181.699,-0.999560378,5,3